Workbook

Sheet CI_
A1: ??? | B1: K_USUARIO_ACCION | C1: [K_SISTEMA] | D1: [D_sistema_tag] | E1: [D_sistema_tag_menu] | F1: [S_Sistema_tag] | G1: [O_Sistema_tag] | H1: [C_Sistema_tag] | I1: [R_Sistema_tag] | J1: [L_Sistema_tag] | K1: [K_GRUPO_TAG] | L1: [L_ARCHIVO_TAG] | M1: [K_IMAGEN_ARCHIVO] | O1: EXECUTE [dbo].[ | P1: PG_CI_SISTEMA_TAG | Q1: ] | R1: =CONCATENATE($O$1,$P$1,$Q$1, B3, ", ", ) -> EXECUTE [dbo].[PG_CI_SISTEMA_TAG] 139,
B2: - | C2: - | D2: - | F2: - | G2: - | H2: - | J2: - | K2: - | O2: ="-- ==========================================================" -> -- ==========================================================
B3: 139 | C3: 0 | D3: (NO-SISTEMA) | E3: ( NO-SISTEMA ) | F3: ( N/S ) | G3: =C3 -> 0 | H3: #0 // (NO-SISTEMA) | J3: 1 | K3: 0 | L3: 0 | M3: 1 | O3: =CONCATENATE(CI_!$R$1,C3,", '",D3,"', '",E3,"', '",F3,"' , ",G3," , '",H3,"' , '",I3,"', ",J3,",",K3,",",L3,",",M3) -> EXECUTE [dbo].[PG_CI_SISTEMA_TAG] 139, 0, '(NO-SISTEMA)', '( NO-SISTEMA )', '( N/S )' , 0 , '#0 // (NO-SISTEMA)' , '', 1,0,0,1
B4: 139 | C4: 1 | D4: prod_rpt | E4: PRODUCTION REPORT | F4: #001 | G4: 1 | J4: 1 | K4: 70 | L4: 0 | M4: 1 | O4: =CONCATENATE(CI_!$R$1,C4,", '",D4,"', '",E4,"', '",F4,"' , ",G4," , '",H4,"' , '",I4,"', ",J4,",",K4,",",L4,",",M4) -> EXECUTE [dbo].[PG_CI_SISTEMA_TAG] 139, 1, 'prod_rpt', 'PRODUCTION REPORT', '#001' , 1 , '' , '', 1,70,0,1
B5: 139 | C5: 2 | D5: SupScreen | E5: SUPERVISORS | F5: #002 | G5: 2 | J5: 1 | K5: 70 | L5: 0 | M5: 30 | O5: =CONCATENATE(CI_!$R$1,C5,", '",D5,"', '",E5,"', '",F5,"' , ",G5," , '",H5,"' , '",I5,"', ",J5,",",K5,",",L5,",",M5) -> EXECUTE [dbo].[PG_CI_SISTEMA_TAG] 139, 2, 'SupScreen', 'SUPERVISORS', '#002' , 2 , '' , '', 1,70,0,30
B6: 139 | C6: 3 | D6: frmMain2 | E6: PRODUCTION | F6: #003 | G6: 3 | J6: 1 | K6: 70 | L6: 0 | M6: 26 | O6: =CONCATENATE(CI_!$R$1,C6,", '",D6,"', '",E6,"', '",F6,"' , ",G6," , '",H6,"' , '",I6,"', ",J6,",",K6,",",L6,",",M6) -> EXECUTE [dbo].[PG_CI_SISTEMA_TAG] 139, 3, 'frmMain2', 'PRODUCTION', '#003' , 3 , '' , '', 1,70,0,26
B7: 139 | C7: 4 | D7: rej | E7: REJECTS | F7: #004 | G7: 4 | J7: 1 | K7: 70 | L7: 0 | M7: 24 | O7: =CONCATENATE(CI_!$R$1,C7,", '",D7,"', '",E7,"', '",F7,"' , ",G7," , '",H7,"' , '",I7,"', ",J7,",",K7,",",L7,",",M7) -> EXECUTE [dbo].[PG_CI_SISTEMA_TAG] 139, 4, 'rej', 'REJECTS', '#004' , 4 , '' , '', 1,70,0,24
B8: 139 | C8: 5 | D8: Planning | E8: PLANNING SCREEN | F8: #005 | G8: 5 | J8: 1 | K8: 60 | L8: 0 | M8: 21 | O8: =CONCATENATE(CI_!$R$1,C8,", '",D8,"', '",E8,"', '",F8,"' , ",G8," , '",H8,"' , '",I8,"', ",J8,",",K8,",",L8,",",M8) -> EXECUTE [dbo].[PG_CI_SISTEMA_TAG] 139, 5, 'Planning', 'PLANNING SCREEN', '#005' , 5 , '' , '', 1,60,0,21
B9: 139 | C9: 6 | D9: Transferencias | E9: TRANSACTIONS | F9: #006 | G9: 6 | J9: 1 | K9: 60 | L9: 0 | M9: 19 | O9: =CONCATENATE(CI_!$R$1,C9,", '",D9,"', '",E9,"', '",F9,"' , ",G9," , '",H9,"' , '",I9,"', ",J9,",",K9,",",L9,",",M9) -> EXECUTE [dbo].[PG_CI_SISTEMA_TAG] 139, 6, 'Transferencias', 'TRANSACTIONS', '#006' , 6 , '' , '', 1,60,0,19
B10: 139 | C10: 7 | D10: sc_pieles2 | E10: HIDES SCANNER | F10: #007 | G10: 7 | J10: 0 | K10: 60 | L10: 0 | M10: 7 | O10: =CONCATENATE(CI_!$R$1,C10,", '",D10,"', '",E10,"', '",F10,"' , ",G10," , '",H10,"' , '",I10,"', ",J10,",",K10,",",L10,",",M10) -> EXECUTE [dbo].[PG_CI_SISTEMA_TAG] 139, 7, 'sc_pieles2', 'HIDES SCANNER', '#007' , 7 , '' , '', 0,60,0,7
B11: 139 | C11: 8 | D11: labels | E11: LABELS | F11: #008 | G11: 8 | J11: 1 | K11: 60 | L11: 0 | M11: 35 | O11: =CONCATENATE(CI_!$R$1,C11,", '",D11,"', '",E11,"', '",F11,"' , ",G11," , '",H11,"' , '",I11,"', ",J11,",",K11,",",L11,",",M11) -> EXECUTE [dbo].[PG_CI_SISTEMA_TAG] 139, 8, 'labels', 'LABELS', '#008' , 8 , '' , '', 1,60,0,35
B12: 139 | C12: 9 | D12: etiqueta_piel | E12: HIDE LABELS | F12: #009 | G12: 9 | J12: 1 | K12: 60 | L12: 0 | M12: 34 | O12: =CONCATENATE(CI_!$R$1,C12,", '",D12,"', '",E12,"', '",F12,"' , ",G12," , '",H12,"' , '",I12,"', ",J12,",",K12,",",L12,",",M12) -> EXECUTE [dbo].[PG_CI_SISTEMA_TAG] 139, 9, 'etiqueta_piel', 'HIDE LABELS', '#009' , 9 , '' , '', 1,60,0,34
B13: 139 | C13: 10 | D13: Packing | E13: PACKING SLIP | F13: #010 | G13: 10 | J13: 1 | K13: 20 | L13: 0 | M13: 14 | O13: =CONCATENATE(CI_!$R$1,C13,", '",D13,"', '",E13,"', '",F13,"' , ",G13," , '",H13,"' , '",I13,"', ",J13,",",K13,",",L13,",",M13) -> EXECUTE [dbo].[PG_CI_SISTEMA_TAG] 139, 10, 'Packing', 'PACKING SLIP', '#010' , 10 , '' , '', 1,20,0,14
B14: 139 | C14: 11 | D14: FO_TRANSFER_SCREEN | E14: TRANSFER MCT TO MFP | F14: #011 | G14: 11 | J14: 1 | K14: 20 | L14: 0 | M14: 20 | O14: =CONCATENATE(CI_!$R$1,C14,", '",D14,"', '",E14,"', '",F14,"' , ",G14," , '",H14,"' , '",I14,"', ",J14,",",K14,",",L14,",",M14) -> EXECUTE [dbo].[PG_CI_SISTEMA_TAG] 139, 11, 'FO_TRANSFER_SCREEN', 'TRANSFER MCT TO MFP', '#011' , 11 , '' , '', 1,20,0,20
B15: 139 | C15: 12 | D15: InventMFP | E15: MFP INVENTORY | F15: #012 | G15: 12 | J15: 1 | K15: 20 | L15: 0 | M15: 12 | O15: =CONCATENATE(CI_!$R$1,C15,", '",D15,"', '",E15,"', '",F15,"' , ",G15," , '",H15,"' , '",I15,"', ",J15,",",K15,",",L15,",",M15) -> EXECUTE [dbo].[PG_CI_SISTEMA_TAG] 139, 12, 'InventMFP', 'MFP INVENTORY', '#012' , 12 , '' , '', 1,20,0,12
... B23: 139 | C23: 20 | D23: frmRange | E23: STOCK STATUS | F23: #020 | G23: 20 | J23: 1 | K23: 40 | L23: 0 | M23: 4 | O23: =CONCATENATE(CI_!$R$1,C23,", '",D23,"', '",E23,"', '",F23,"' , ",G23," , '",H23,"' , '",I23,"', ",J23,",",K23,",",L23,",",M23) -> EXECUTE [dbo].[PG_CI_SISTEMA_TAG] 139, 20, 'frmRange', 'STOCK STATUS', '#020' , 20 , '' , '', 1,40,0,4
B24: 139 | C24: 21 | D24: EXCEL_PRODUCTION_REPORT | E24: EXCEL PRODUCTION REPORT | F24: #021 | G24: 21 | I24: \\10.1.1.5\documents\PEARL\Reportes\Excel Production Report.xlsm | J24: 1 | K24: 70 | L24: 1 | M24: 32 | O24: =CONCATENATE(CI_!$R$1,C24,", '",D24,"', '",E24,"', '",F24,"' , ",G24," , '",H24,"' , '",I24,"', ",J24,",",K24,",",L24,",",M24) -> EXECUTE [dbo].[PG_CI_SISTEMA_TAG] 139, 21, 'EXCEL_PRODUCTION_REPORT', 'EXCEL PRODUCTION REPORT', '#021' , 21 , '' , '\\10.1.1.5\documents\PEARL\Reportes\Excel Production Report.xlsm', 1,70,1,32
B25: 139 | C25: 22 | D25: BELL_CURVE | E25: BELL CURVE | F25: #022 | G25: 22 | I25: \\10.1.1.5\documents\PEARL\Reportes\Bell_Curve_Report.xls | J25: 1 | K25: 40 | L25: 1 | M25: 14 | O25: =CONCATENATE(CI_!$R$1,C25,", '",D25,"', '",E25,"', '",F25,"' , ",G25," , '",H25,"' , '",I25,"', ",J25,",",K25,",",L25,",",M25) -> EXECUTE [dbo].[PG_CI_SISTEMA_TAG] 139, 22, 'BELL_CURVE', 'BELL CURVE', '#022' , 22 , '' , '\\10.1.1.5\documents\PEARL\Reportes\Bell_Curve_Report.xls', 1,40,1,14
B26: 139 | C26: 23 | D26: TransactionsReport | E26: TRANSACTION REPORT | F26: #023 | G26: 23 | J26: 1 | K26: 60 | L26: 0 | M26: 7 | O26: =CONCATENATE(CI_!$R$1,C26,", '",D26,"', '",E26,"', '",F26,"' , ",G26," , '",H26,"' , '",I26,"', ",J26,",",K26,",",L26,",",M26) -> EXECUTE [dbo].[PG_CI_SISTEMA_TAG] 139, 23, 'TransactionsReport', 'TRANSACTION REPORT', '#023' , 23 , '' , '', 1,60,0,7
B27: 139 | C27: 24 | D27: CERTIFICATION_REPORT | E27: CERTIFICATION REPORT | F27: #024 | G27: 24 | J27: 1 | K27: 10 | L27: 0 | M27: 21 | O27: =CONCATENATE(CI_!$R$1,C27,", '",D27,"', '",E27,"', '",F27,"' , ",G27," , '",H27,"' , '",I27,"', ",J27,",",K27,",",L27,",",M27) -> EXECUTE [dbo].[PG_CI_SISTEMA_TAG] 139, 24, 'CERTIFICATION_REPORT', 'CERTIFICATION REPORT', '#024' , 24 , '' , '', 1,10,0,21
B28: 139 | C28: 25 | D28: FoliosInv | E28: FOLIOS INVENTORY | F28: #025 | G28: 25 | J28: 1 | K28: 60 | L28: 0 | M28: 6 | N28: 20 | O28: =CONCATENATE(CI_!$R$1,C28,", '",D28,"', '",E28,"', '",F28,"' , ",G28," , '",H28,"' , '",I28,"', ",J28,",",K28,",",L28,",",M28) -> EXECUTE [dbo].[PG_CI_SISTEMA_TAG] 139, 25, 'FoliosInv', 'FOLIOS INVENTORY', '#025' , 25 , '' , '', 1,60,0,6
B29: 139 | C29: 26 | D29: QUALITY_REJECTS | E29: QUALITY REJECTS | F29: #026 | G29: 26 | J29: 1 | K29: 10 | L29: 0 | M29: 24 | O29: =CONCATENATE(CI_!$R$1,C29,", '",D29,"', '",E29,"', '",F29,"' , ",G29," , '",H29,"' , '",I29,"', ",J29,",",K29,",",L29,",",M29) -> EXECUTE [dbo].[PG_CI_SISTEMA_TAG] 139, 26, 'QUALITY_REJECTS', 'QUALITY REJECTS', '#026' , 26 , '' , '', 1,10,0,24
B30: 139 | C30: 27 | D30: PackingSlipMexico | E30: PACKING MACOLA | F30: #027 | G30: 27 | J30: 1 | K30: 20 | L30: 0 | M30: 10 | O30: =CONCATENATE(CI_!$R$1,C30,", '",D30,"', '",E30,"', '",F30,"' , ",G30," , '",H30,"' , '",I30,"', ",J30,",",K30,",",L30,",",M30) -> EXECUTE [dbo].[PG_CI_SISTEMA_TAG] 139, 27, 'PackingSlipMexico', 'PACKING MACOLA', '#027' , 27 , '' , '', 1,20,0,10
B31: 139 | C31: 28 | D31: Tags | E31: TAGS | F31: #028 | G31: 28 | J31: 1 | K31: 30 | L31: 0 | M31: 36 | O31: =CONCATENATE(CI_!$R$1,C31,", '",D31,"', '",E31,"', '",F31,"' , ",G31," , '",H31,"' , '",I31,"', ",J31,",",K31,",",L31,",",M31) -> EXECUTE [dbo].[PG_CI_SISTEMA_TAG] 139, 28, 'Tags', 'TAGS', '#028' , 28 , '' , '', 1,30,0,36
B32: 139 | C32: 29 | D32: SalesByCust | E32: SALES BY CUST | F32: #029 | G32: 29 | J32: 1 | K32: 30 | L32: 0 | M32: 38 | O32: =CONCATENATE(CI_!$R$1,C32,", '",D32,"', '",E32,"', '",F32,"' , ",G32," , '",H32,"' , '",I32,"', ",J32,",",K32,",",L32,",",M32) -> EXECUTE [dbo].[PG_CI_SISTEMA_TAG] 139, 29, 'SalesByCust', 'SALES BY CUST', '#029' , 29 , '' , '', 1,30,0,38
B33: 139 | C33: 30 | D33: PolizaNomina | E33: POLIZA DE NOMINA | F33: #030 | G33: 30 | J33: 1 | K33: 30 | L33: 0 | M33: 25 | O33: =CONCATENATE(CI_!$R$1,C33,", '",D33,"', '",E33,"', '",F33,"' , ",G33," , '",H33,"' , '",I33,"', ",J33,",",K33,",",L33,",",M33) -> EXECUTE [dbo].[PG_CI_SISTEMA_TAG] 139, 30, 'PolizaNomina', 'POLIZA DE NOMINA', '#030' , 30 , '' , '', 1,30,0,25
B34: 139 | C34: 31 | D34: HistoryByPackL | E34: HISTORY BY JOB NO | F34: #031 | G34: 31 | J34: 1 | K34: 60 | L34: 0 | M34: 15 | O34: =CONCATENATE(CI_!$R$1,C34,", '",D34,"', '",E34,"', '",F34,"' , ",G34," , '",H34,"' , '",I34,"', ",J34,",",K34,",",L34,",",M34) -> EXECUTE [dbo].[PG_CI_SISTEMA_TAG] 139, 31, 'HistoryByPackL', 'HISTORY BY JOB NO', '#031' , 31 , '' , '', 1,60,0,15
B35: 139 | C35: 32 | D35: PatternsDatabase | E35: PATTERN LABELS | F35: #032 | G35: 32 | J35: 1 | K35: 90 | L35: 0 | M35: 39 | O35: =CONCATENATE(CI_!$R$1,C35,", '",D35,"', '",E35,"', '",F35,"' , ",G35," , '",H35,"' , '",I35,"', ",J35,",",K35,",",L35,",",M35) -> EXECUTE [dbo].[PG_CI_SISTEMA_TAG] 139, 32, 'PatternsDatabase', 'PATTERN LABELS', '#032' , 32 , '' , '', 1,90,0,39
B36: 139 | C36: 33 | D36: Leather planning | E36: Leather planning | F36: #033 | G36: 33 | J36: 0 | K36: 40 | L36: 0 | M36: 1 | O36: =CONCATENATE(CI_!$R$1,C36,", '",D36,"', '",E36,"', '",F36,"' , ",G36," , '",H36,"' , '",I36,"', ",J36,",",K36,",",L36,",",M36) -> EXECUTE [dbo].[PG_CI_SISTEMA_TAG] 139, 33, 'Leather planning ', 'Leather planning ', '#033' , 33 , '' , '', 0,40,0,1
B37: 139 | C37: 34 | D37: Cum_Report | E37: CUMULATIVE REPORT | F37: #034 | G37: 34 | J37: 1 | K37: 60 | L37: 0 | M37: 7 | O37: =CONCATENATE(CI_!$R$1,C37,", '",D37,"', '",E37,"', '",F37,"' , ",G37," , '",H37,"' , '",I37,"', ",J37,",",K37,",",L37,",",M37) -> EXECUTE [dbo].[PG_CI_SISTEMA_TAG] 139, 34, 'Cum_Report', 'CUMULATIVE REPORT', '#034' , 34 , '' , '', 1,60,0,7
B38: 139 | C38: 35 | D38: INCOMING_INSPECTION | E38: INCOMING INSPECTION | F38: #035 | G38: 35 | J38: 1 | K38: 10 | L38: 0 | M38: 27 | O38: =CONCATENATE(CI_!$R$1,C38,", '",D38,"', '",E38,"', '",F38,"' , ",G38," , '",H38,"' , '",I38,"', ",J38,",",K38,",",L38,",",M38) -> EXECUTE [dbo].[PG_CI_SISTEMA_TAG] 139, 35, 'INCOMING_INSPECTION', 'INCOMING INSPECTION', '#035' , 35 , '' , '', 1,10,0,27
B39: 139 | C39: 36 | D39: STATUS_DE_ORDENES | E39: STATUS DE ORDENES | F39: #036 | G39: 36 | J39: 1 | K39: 10 | L39: 0 | M39: 17 | O39: =CONCATENATE(CI_!$R$1,C39,", '",D39,"', '",E39,"', '",F39,"' , ",G39," , '",H39,"' , '",I39,"', ",J39,",",K39,",",L39,",",M39) -> EXECUTE [dbo].[PG_CI_SISTEMA_TAG] 139, 36, 'STATUS_DE_ORDENES', 'STATUS DE ORDENES', '#036' , 36 , '' , '', 1,10,0,17
B40: 139 | C40: 37 | D40: UpdateTarget | E40: UPDATE TARGETS | F40: #037 | G40: 37 | J40: 1 | K40: 40 | L40: 0 | M40: 38 | O40: =CONCATENATE(CI_!$R$1,C40,", '",D40,"', '",E40,"', '",F40,"' , ",G40," , '",H40,"' , '",I40,"', ",J40,",",K40,",",L40,",",M40) -> EXECUTE [dbo].[PG_CI_SISTEMA_TAG] 139, 37, 'UpdateTarget', 'UPDATE TARGETS', '#037' , 37 , '' , '', 1,40,0,38
B41: 139 | C41: 38 | D41: colors | E41: COLORS MANT | F41: #038 | G41: 38 | J41: 1 | K41: 50 | L41: 0 | M41: 28 | N41: 40 | O41: =CONCATENATE(CI_!$R$1,C41,", '",D41,"', '",E41,"', '",F41,"' , ",G41," , '",H41,"' , '",I41,"', ",J41,",",K41,",",L41,",",M41) -> EXECUTE [dbo].[PG_CI_SISTEMA_TAG] 139, 38, 'colors', 'COLORS MANT', '#038' , 38 , '' , '', 1,50,0,28
B42: 139 | C42: 39 | D42: LOT_COMP | E42: LOT COMP | F42: #039 | G42: 39 | J42: 1 | K42: 10 | L42: 0 | M42: 14 | O42: =CONCATENATE(CI_!$R$1,C42,", '",D42,"', '",E42,"', '",F42,"' , ",G42," , '",H42,"' , '",I42,"', ",J42,",",K42,",",L42,",",M42) -> EXECUTE [dbo].[PG_CI_SISTEMA_TAG] 139, 39, 'LOT_COMP', 'LOT COMP', '#039' , 39 , '' , '', 1,10,0,14
B43: 139 | C43: 40 | D43: INV IT | E43: INV IT | F43: #040 | G43: 40 | J43: 0 | K43: 90 | L43: 0 | M43: 1 | O43: =CONCATENATE(CI_!$R$1,C43,", '",D43,"', '",E43,"', '",F43,"' , ",G43," , '",H43,"' , '",I43,"', ",J43,",",K43,",",L43,",",M43) -> EXECUTE [dbo].[PG_CI_SISTEMA_TAG] 139, 40, 'INV IT', 'INV IT', '#040' , 40 , '' , '', 0,90,0,1
B44: 139 | C44: 41 | D44: Eng_main | E44: ENGINEERING SCREEN | F44: #041 | G44: 41 | J44: 1 | K44: 50 | L44: 0 | M44: 22 | O44: =CONCATENATE(CI_!$R$1,C44,", '",D44,"', '",E44,"', '",F44,"' , ",G44," , '",H44,"' , '",I44,"', ",J44,",",K44,",",L44,",",M44) -> EXECUTE [dbo].[PG_CI_SISTEMA_TAG] 139, 41, 'Eng_main', 'ENGINEERING SCREEN', '#041' , 41 , '' , '', 1,50,0,22
B45: 139 | C45: 42 | D45: ProdCat | E45: PROD CATEGORY | F45: #042 | G45: 42 | J45: 1 | K45: 50 | L45: 0 | M45: 10 | O45: =CONCATENATE(CI_!$R$1,C45,", '",D45,"', '",E45,"', '",F45,"' , ",G45," , '",H45,"' , '",I45,"', ",J45,",",K45,",",L45,",",M45) -> EXECUTE [dbo].[PG_CI_SISTEMA_TAG] 139, 42, 'ProdCat', 'PROD CATEGORY', '#042' , 42 , '' , '', 1,50,0,10
B46: 139 | C46: 43 | D46: ItemMaster | E46: ITEM MASTER | F46: #043 | G46: 43 | J46: 1 | K46: 50 | L46: 0 | M46: 30 | O46: =CONCATENATE(CI_!$R$1,C46,", '",D46,"', '",E46,"', '",F46,"' , ",G46," , '",H46,"' , '",I46,"', ",J46,",",K46,",",L46,",",M46) -> EXECUTE [dbo].[PG_CI_SISTEMA_TAG] 139, 43, 'ItemMaster', 'ITEM MASTER', '#043' , 43 , '' , '', 1,50,0,30
B47: 139 | C47: 44 | D47: KitMaster | E47: KIT MASTER | F47: #044 | G47: 44 | J47: 1 | K47: 50 | L47: 0 | M47: 17 | O47: =CONCATENATE(CI_!$R$1,C47,", '",D47,"', '",E47,"', '",F47,"' , ",G47," , '",H47,"' , '",I47,"', ",J47,",",K47,",",L47,",",M47) -> EXECUTE [dbo].[PG_CI_SISTEMA_TAG] 139, 44, 'KitMaster', 'KIT MASTER', '#044' , 44 , '' , '', 1,50,0,17
B48: 139 | C48: 45 | D48: ADLocations | E48: ADD LOCATIONS | F48: #045 | G48: 45 | J48: 1 | K48: 40 | L48: 0 | M48: 11 | O48: =CONCATENATE(CI_!$R$1,C48,", '",D48,"', '",E48,"', '",F48,"' , ",G48," , '",H48,"' , '",I48,"', ",J48,",",K48,",",L48,",",M48) -> EXECUTE [dbo].[PG_CI_SISTEMA_TAG] 139, 45, 'ADLocations', 'ADD LOCATIONS', '#045' , 45 , '' , '', 1,40,0,11
B49: 139 | C49: 46 | D49: Facturacion | E49: BILLING | F49: #046 | G49: 46 | J49: 1 | K49: 20 | L49: 0 | M49: 13 | O49: =CONCATENATE(CI_!$R$1,C49,", '",D49,"', '",E49,"', '",F49,"' , ",G49," , '",H49,"' , '",I49,"', ",J49,",",K49,",",L49,",",M49) -> EXECUTE [dbo].[PG_CI_SISTEMA_TAG] 139, 46, 'Facturacion', 'BILLING', '#046' , 46 , '' , '', 1,20,0,13
B50: 139 | C50: 47 | D50: FoliosV2 | E50: TRANS_FOLIOS | F50: #047 | G50: 47 | J50: 1 | K50: 60 | L50: 0 | M50: 20 | O50: =CONCATENATE(CI_!$R$1,C50,", '",D50,"', '",E50,"', '",F50,"' , ",G50," , '",H50,"' , '",I50,"', ",J50,",",K50,",",L50,",",M50) -> EXECUTE [dbo].[PG_CI_SISTEMA_TAG] 139, 47, 'FoliosV2', 'TRANS_FOLIOS', '#047' , 47 , '' , '', 1,60,0,20
B51: 139 | C51: 48 | D51: PrintInvoice | E51: RE-PRINT INVOICE | F51: #048 | G51: 48 | J51: 1 | K51: 20 | L51: 0 | M51: 7 | O51: =CONCATENATE(CI_!$R$1,C51,", '",D51,"', '",E51,"', '",F51,"' , ",G51," , '",H51,"' , '",I51,"', ",J51,",",K51,",",L51,",",M51) -> EXECUTE [dbo].[PG_CI_SISTEMA_TAG] 139, 48, 'PrintInvoice', 'RE-PRINT INVOICE', '#048' , 48 , '' , '', 1,20,0,7
B52: 139 | C52: 49 | D52: Fina_Cum_Report | E52: CUM REPORT | F52: #049 | G52: 49 | J52: 1 | K52: 60 | L52: 0 | M52: 17 | N52: 30 | O52: =CONCATENATE(CI_!$R$1,C52,", '",D52,"', '",E52,"', '",F52,"' , ",G52," , '",H52,"' , '",I52,"', ",J52,",",K52,",",L52,",",M52) -> EXECUTE [dbo].[PG_CI_SISTEMA_TAG] 139, 49, 'Fina_Cum_Report', 'CUM REPORT', '#049' , 49 , '' , '', 1,60,0,17
B53: 139 | C53: 50 | D53: SalidasInventa | E53: SALIDAS DE INV | F53: #050 | G53: 50 | J53: 1 | K53: 60 | L53: 0 | M53: 0 | O53: =CONCATENATE(CI_!$R$1,C53,", '",D53,"', '",E53,"', '",F53,"' , ",G53," , '",H53,"' , '",I53,"', ",J53,",",K53,",",L53,",",M53) -> EXECUTE [dbo].[PG_CI_SISTEMA_TAG] 139, 50, 'SalidasInventa', 'SALIDAS DE INV', '#050' , 50 , '' , '', 1,60,0,0
B54: 139 | C54: 51 | D54: frmprddefrpt | E54: REPORTE DE DEFECTOS | F54: #051 | G54: 51 | J54: 1 | K54: 70 | L54: 0 | M54: 11 | O54: =CONCATENATE(CI_!$R$1,C54,", '",D54,"', '",E54,"', '",F54,"' , ",G54," , '",H54,"' , '",I54,"', ",J54,",",K54,",",L54,",",M54) -> EXECUTE [dbo].[PG_CI_SISTEMA_TAG] 139, 51, 'frmprddefrpt', 'REPORTE DE DEFECTOS', '#051' , 51 , '' , '', 1,70,0,11
B55: 139 | C55: 52 | D55: LotsYield | E55: LOT YIELD | F55: #052 | G55: 52 | J55: 1 | K55: 70 | L55: 0 | M55: 38 | O55: =CONCATENATE(CI_!$R$1,C55,", '",D55,"', '",E55,"', '",F55,"' , ",G55," , '",H55,"' , '",I55,"', ",J55,",",K55,",",L55,",",M55) -> EXECUTE [dbo].[PG_CI_SISTEMA_TAG] 139, 52, 'LotsYield', 'LOT YIELD', '#052' , 52 , '' , '', 1,70,0,38
B56: 139 | C56: 53 | D56: LotTrack | E56: LOT TRACK | F56: #053 | G56: 53 | J56: 1 | K56: 40 | L56: 0 | M56: 26 | O56: =CONCATENATE(CI_!$R$1,C56,", '",D56,"', '",E56,"', '",F56,"' , ",G56," , '",H56,"' , '",I56,"', ",J56,",",K56,",",L56,",",M56) -> EXECUTE [dbo].[PG_CI_SISTEMA_TAG] 139, 53, 'LotTrack', 'LOT TRACK', '#053' , 53 , '' , '', 1,40,0,26
B57: 139 | C57: 54 | D57: FO_USUARIOS | E57: USUARIOS | F57: #054 | G57: 54 | J57: 1 | K57: 90 | L57: 0 | M57: 57 | O57: =CONCATENATE(CI_!$R$1,C57,", '",D57,"', '",E57,"', '",F57,"' , ",G57," , '",H57,"' , '",I57,"', ",J57,",",K57,",",L57,",",M57) -> EXECUTE [dbo].[PG_CI_SISTEMA_TAG] 139, 54, 'FO_USUARIOS', 'USUARIOS', '#054' , 54 , '' , '', 1,90,0,57
B58: 139 | C58: 55 | D58: frmmnto | E58: MTTO PREVENTIVO | F58: #055 | G58: 55 | J58: 1 | K58: 90 | L58: 0 | M58: 58 | O58: =CONCATENATE(CI_!$R$1,C58,", '",D58,"', '",E58,"', '",F58,"' , ",G58," , '",H58,"' , '",I58,"', ",J58,",",K58,",",L58,",",M58) -> EXECUTE [dbo].[PG_CI_SISTEMA_TAG] 139, 55, 'frmmnto', 'MTTO PREVENTIVO', '#055' , 55 , '' , '', 1,90,0,58
B59: 139 | C59: 56 | D59: frmequipo | E59: EQUIPOS | F59: #056 | G59: 56 | J59: 1 | K59: 90 | L59: 0 | M59: 50 | O59: =CONCATENATE(CI_!$R$1,C59,", '",D59,"', '",E59,"', '",F59,"' , ",G59," , '",H59,"' , '",I59,"', ",J59,",",K59,",",L59,",",M59) -> EXECUTE [dbo].[PG_CI_SISTEMA_TAG] 139, 56, 'frmequipo', 'EQUIPOS', '#056' , 56 , '' , '', 1,90,0,50
B60: 139 | C60: 57 | D60: frmbajas | E60: BAJAS | F60: #057 | G60: 57 | J60: 1 | K60: 80 | L60: 0 | M60: 53 | O60: =CONCATENATE(CI_!$R$1,C60,", '",D60,"', '",E60,"', '",F60,"' , ",G60," , '",H60,"' , '",I60,"', ",J60,",",K60,",",L60,",",M60) -> EXECUTE [dbo].[PG_CI_SISTEMA_TAG] 139, 57, 'frmbajas', 'BAJAS', '#057' , 57 , '' , '', 1,80,0,53
B61: 139 | C61: 58 | D61: FO_PUESTO | E61: CAPACITACIÓN | F61: #058 | G61: 58 | J61: 1 | K61: 80 | L61: 0 | M61: 51 | O61: =CONCATENATE(CI_!$R$1,C61,", '",D61,"', '",E61,"', '",F61,"' , ",G61," , '",H61,"' , '",I61,"', ",J61,",",K61,",",L61,",",M61) -> EXECUTE [dbo].[PG_CI_SISTEMA_TAG] 139, 58, 'FO_PUESTO', 'CAPACITACIÓN', '#058' , 58 , '' , '', 1,80,0,51
B62: 139 | C62: 59 | D62: frmtoner | E62: TONERS | F62: #059 | G62: 59 | J62: 1 | K62: 90 | L62: 0 | M62: 56 | O62: =CONCATENATE(CI_!$R$1,C62,", '",D62,"', '",E62,"', '",F62,"' , ",G62," , '",H62,"' , '",I62,"', ",J62,",",K62,",",L62,",",M62) -> EXECUTE [dbo].[PG_CI_SISTEMA_TAG] 139, 59, 'frmtoner', 'TONERS', '#059' , 59 , '' , '', 1,90,0,56
B63: 139 | C63: 60 | D63: frmKits | E63: CERRAR KITS | F63: #060 | G63: 60 | J63: 1 | K63: 20 | L63: 0 | M63: 53 | O63: =CONCATENATE(CI_!$R$1,C63,", '",D63,"', '",E63,"', '",F63,"' , ",G63," , '",H63,"' , '",I63,"', ",J63,",",K63,",",L63,",",M63) -> EXECUTE [dbo].[PG_CI_SISTEMA_TAG] 139, 60, 'frmKits', 'CERRAR KITS', '#060' , 60 , '' , '', 1,20,0,53
B64: 139 | C64: 61 | D64: frmreporte | E64: REPORTE | F64: #061 | G64: 61 | J64: 1 | K64: 80 | L64: 0 | M64: 53 | O64: =CONCATENATE(CI_!$R$1,C64,", '",D64,"', '",E64,"', '",F64,"' , ",G64," , '",H64,"' , '",I64,"', ",J64,",",K64,",",L64,",",M64) -> EXECUTE [dbo].[PG_CI_SISTEMA_TAG] 139, 61, 'frmreporte', 'REPORTE', '#061' , 61 , '' , '', 1,80,0,53
... B74: 139 | C74: 71 | D74: FO_SISTEMAS | E74: ALTA DE FORMAS | F74: #071 | G74: 71 | J74: 1 | K74: 90 | L74: 0 | M74: 16 | O74: =CONCATENATE(CI_!$R$1,C74,", '",D74,"', '",E74,"', '",F74,"' , ",G74," , '",H74,"' , '",I74,"', ",J74,",",K74,",",L74,",",M74) -> EXECUTE [dbo].[PG_CI_SISTEMA_TAG] 139, 71, 'FO_SISTEMAS', 'ALTA DE FORMAS', '#071' , 71 , '' , '', 1,90,0,16

Sheet Sheet1
C3: GRUPO_TAG | E3: SISTEMA_TAG
B4: 10 | C4: calidad | E4: production report | F4: 70
B5: 20 | C5: final | E5: supervisors | F5: 70
B6: 30 | C6: finanzas | E6: production | F6: 70
B7: 40 | C7: general | E7: rejects | F7: 70
B8: 50 | C8: ingenieria | E8: planning screen | F8: 60
B9: 60 | C9: materiales | E9: transactions | F9: 60
B10: 70 | C10: produccion | E10: hides scanner | F10: 60
B11: 80 | C11: recursos humanos | E11: packing slip | F11: 20
B12: 90 | C12: sistemas | E12: transfer mct to mfp | F12: 20
E13: mfp inventory | F13: 20
E14: labels | F14: 60
E15: hide labels | F15: 60
E16: ppms | F16: 10
E17: load release | F17: 60
E18: edi weekly rpt | F18: 60
E19: daily inventory | F19: 20
E20: hides allocation | F20: 40
E21: human resources | F21: 80
E22: stock status | F22: 40
E23: excel production report | F23: 70
E24: bell curve | F24: 40
... E70: cotizaciones | F70: 50

Sheet Sheet4
A2: codigo | B2: nombre | C2: apellido | D2: usuario | E2: contrasena | F2: correo | G2: tipo | H2: tema | J2: K_USUARIO_PEARL | K2: D_USUARIO_PEARL | L2: NOMBRE | M2: APELLIDO_PATERNO | N2: APELLIDO_MATERNO | O2: CORREO_USUARIO_PEARL | P2: PASSWORD_USUARIO_PEARL | Q2: TEMA_USUARIO_PEARL | R2: K_USUARIO_DEPARTAMENTO | S2: K_USUARIO_TIPO | T2: K_EMPLEADO_PEARL | U2: K_USUARIO_ALTA | V2: F_ALTA | W2: K_USUARIO_CAMBIO | X2: F_CAMBIO | Y2: L_BORRADO | Z2: K_USUARIO_BAJA | AA2: F_BAJA
A3: 41 | B3: Rafael | C3: Fierro | D3: rafaelf | E3: killer | F3: rafaelf@pearlleather.com.mx | G3: A1 | H3: Red Planet.isl | J3: 41 | K3: RAFAELF | L3: RAFAEL | M3: FIERRO | N3: MASCORRO | O3: RAFAELF@PEARLLEATHER.COM.MX | P3: killer | Q3: RED PLANET.ISL | R3: 7 | S3: 30 | T3: 6142 | U3: 139 | V3: 44004.427 | W3: 139 | X3: 44004.427 | Y3: 0 | Z3: NULL | AA3: NULL
A4: 42 | B4: Omar | C4: Decena | D4: omard | E4: 12340 | F4: omard@pearlleather.com.mx | G4: Q1 | H4: Red Planet.isl | J4: 42 | K4: OMARD | L4: OMAR ALBERTO | M4: DECENA | N4: MARTINEZ | O4: OMARD@PEARLLEATHER.COM.MX | P4: 12340 | Q4: RED PLANET.ISL | R4: 12 | S4: 20 | T4: 181 | U4: 139 | V4: 44004.427 | W4: 139 | X4: 44004.427 | Y4: 0 | Z4: NULL | AA4: NULL
A5: 43 | B5: Jorge | C5: Holguin | D5: jorgeh | E5: jorgeh | F5: jorgeh@pearlleather.com.mx | G5: U2 | H5: Flat Nature.isl | J5: 43 | K5: JORGEH | L5: JORGE FELIPE | M5: HOLGUIN | N5: NAVA | O5: JORGEH@PEARLLEATHER.COM.MX | P5: jorgeh | Q5: FLAT NATURE.ISL | R5: 9 | S5: 50 | T5: 52 | U5: 139 | V5: 44004.427 | W5: 139 | X5: 44004.427 | Y5: 0 | Z5: NULL | AA5: NULL
A6: 44 | B6: Guillermo | C6: Mata | D6: guillermom | E6: nicole | F6: guillermom@pearlleather.com.mx | G6: U1 | H6: Flat Nature.isl | J6: 44 | K6: GUILLERMOM | L6: GUILLERMO ALFONSO | M6: MATA | N6: RODRIGUEZ | O6: GUILLERMOM@PEARLLEATHER.COM.MX | P6: nicole | Q6: FLAT NATURE.ISL | R6: 6 | S6: 40 | T6: 22 | U6: 139 | V6: 44004.427 | W6: 139 | X6: 44004.427 | Y6: 0 | Z6: NULL | AA6: NULL
A7: 45 | B7: Pedro | C7: Vargas | D7: pedrov | E7: Saver10* | F7: pedrov@pearlleather.com.mx | G7: U1 | H7: Red Planet.isl | J7: 45 | K7: PEDROV | L7: PEDRO | M7: VARGAS | N7: FRAGOSO | O7: PEDROV@PEARLLEATHER.COM.MX | P7: Saver10* | Q7: RED PLANET.ISL | R7: 3 | S7: 40 | T7: 999 | U7: 139 | V7: 44004.427 | W7: 139 | X7: 44004.427 | Y7: 0 | Z7: NULL | AA7: NULL
A8: 47 | B8: Miguel | C8: Carrasco | D8: miguelc | E8: Dalica9905 | F8: miguelc@pearlleather.com.mx | G8: Q1 | H8: Flat Nature.isl | J8: 47 | K8: MIGUELC | L8: JESUS MIGUEL | M8: CARRASCO | N8: ORTIZ | O8: MIGUELC@PEARLLEATHER.COM.MX | P8: Dalica9905 | Q8: FLAT NATURE.ISL | R8: 4 | S8: 20 | T8: 1299 | U8: 139 | V8: 44004.427 | W8: 139 | X8: 44004.427 | Y8: 0 | Z8: NULL | AA8: NULL
A9: 48 | B9: Ivan | C9: Decena | D9: ivand | E9: 5623 | F9: ivand@pearlleather.com.mx | G9: U | H9: IG Style.isl | J9: 48 | K9: IVAND | L9: IVAN ANDRES | M9: DECENA | N9: MARTINEZ | O9: IVAND@PEARLLEATHER.COM.MX | P9: 5623 | Q9: IG STYLE.ISL | R9: 4 | S9: 30 | T9: 2091 | U9: 139 | V9: 44004.427 | W9: 139 | X9: 44004.427 | Y9: 0 | Z9: NULL | AA9: NULL
A10: 49 | B10: Oscar | C10: Torres | D10: oscart | E10: 7890 | F10: oscart@pearlleather.com.mx | G10: U | H10: Natilus.isl | J10: 49 | K10: OSCART | L10: OSCAR OMAR | M10: TORRES | N10: BUGARIN | O10: OSCART@PEARLLEATHER.COM.MX | P10: 7890 | Q10: NATILUS.ISL | R10: 2 | S10: 30 | T10: 10901 | U10: 139 | V10: 44004.427 | W10: 139 | X10: 44004.427 | Y10: 0 | Z10: NULL | AA10: NULL
A11: 51 | B11: Recibo1 | D11: recibo1 | E11: 12345 | F11: pedroa@pearlleather.com.mx | G11: U | H11: IG Style.isl | J11: 51 | K11: RECIBO1 | O11: PEDROA@PEARLLEATHER.COM.MX | P11: 12345 | Q11: IG STYLE.ISL | R11: 0 | S11: 30 | T11: 0 | U11: 139 | V11: 44004.427 | W11: 139 | X11: 44004.427 | Y11: 0 | Z11: NULL | AA11: NULL
A12: 52 | B12: Recibo2 | D12: recibo2 | E12: 12340 | F12: pedroa@pearlleather.com.mx | G12: U | H12: The Blues.isl | J12: 52 | K12: RECIBO2 | O12: PEDROA@PEARLLEATHER.COM.MX | P12: 12340 | Q12: THE BLUES.ISL | R12: 0 | S12: 30 | T12: 0 | U12: 139 | V12: 44004.427 | W12: 139 | X12: 44004.427 | Y12: 0 | Z12: NULL | AA12: NULL
A13: 54 | B13: Gilberto | C13: Vazquez | D13: gilbertov | E13: Alexander1 | F13: gilbertov@pearlleather.com.mx | G13: U1 | H13: Red Planet.isl | J13: 54 | K13: GILBERTOV | L13: GILBERTO | M13: VAZQUEZ | N13: RAMIREZ | O13: GILBERTOV@PEARLLEATHER.COM.MX | P13: Alexander1 | Q13: RED PLANET.ISL | R13: 1 | S13: 40 | T13: 6898 | U13: 139 | V13: 44004.427 | W13: 139 | X13: 44004.427 | Y13: 0 | Z13: NULL | AA13: NULL
A14: 56 | B14: Manuel | C14: Garcia | D14: manuelg | E14: Mangar83 | F14: manuelg@pearlleather.com.mx | G14: U2 | H14: Flat Nature.isl | J14: 56 | K14: MANUELG | L14: MANUEL MAURILIO | M14: GARCIA | N14: ORTIZ | O14: MANUELG@PEARLLEATHER.COM.MX | P14: Mangar83 | Q14: FLAT NATURE.ISL | R14: 3 | S14: 50 | T14: 4475 | U14: 139 | V14: 44004.427 | W14: 139 | X14: 44004.427 | Y14: 0 | Z14: NULL | AA14: NULL
A15: 57 | B15: Fabiola | C15: Gerardo | D15: fabiolag | E15: fabiola | F15: fabiolag@pearlleather.com.mx | G15: U | H15: Flat Nature.isl | J15: 57 | K15: FABIOLAG | L15: ALEXIS FABIOLA | M15: GERARDO | N15: AREVALO | O15: FABIOLAG@PEARLLEATHER.COM.MX | P15: fabiola | Q15: FLAT NATURE.ISL | R15: 8 | S15: 30 | T15: 7658 | U15: 139 | V15: 44004.427 | W15: 139 | X15: 44004.427 | Y15: 0 | Z15: NULL | AA15: NULL
A16: 58 | B16: Diana | C16: Salas | D16: dianas | E16: 1604 | F16: @pearlleather.com.mx | G16: U | H16: Natilus.isl | J16: 58 | K16: DIANAS | L16: DIANA JANNET | M16: SALAS | N16: TOVAR | P16: 1604 | Q16: FLAT NATURE.ISL | R16: 3 | S16: 30 | T16: 10151 | U16: 139 | V16: 44004.427 | W16: 139 | X16: 44004.427 | Y16: 0 | Z16: NULL | AA16: NULL
A17: 59 | B17: Alejandro | C17: Perez | D17: alejandrop | E17: alex | F17: embarques1@pearlleather.com.mx | G17: U | H17: Flat Nature.isl | J17: 59 | K17: ALEJANDROP | L17: ALEJANDRO | M17: PEREZ | N17: REYES | O17: EMBARQUES1@PEARLLEATHER.COM.MX | P17: alex | Q17: FLAT NATURE.ISL | R17: 3 | S17: 30 | T17: 6176 | U17: 139 | V17: 44004.427 | W17: 139 | X17: 44004.427 | Y17: 0 | Z17: NULL | AA17: NULL
A18: 60 | B18: Adriana | C18: De la Ree | D18: adrianad | E18: adriana | F18: adrianad@pearlleather.com.mx | G18: U | H18: Flat Nature.isl | J18: 60 | K18: ADRIANAD | L18: ADRIANA | M18: DE LA REE | N18: DOMINGUEZ | O18: ADRIANAD@PEARLLEATHER.COM.MX | P18: adriana | Q18: FLAT NATURE.ISL | R18: 8 | S18: 30 | T18: 67 | U18: 139 | V18: 44004.427 | W18: 139 | X18: 44004.427 | Y18: 0 | Z18: NULL | AA18: NULL
A19: 62 | B19: Patricia | C19: Chavez | D19: patriciac | E19: mebi1625 | F19: patriciac@pearlleather.com.mx | G19: U | H19: Flat Nature.isl | J19: 62 | K19: PATRICIAC | L19: MARTHA PATRICIA | M19: CHAVEZ | N19: VARGAS | O19: PATRICIAC@PEARLLEATHER.COM.MX | P19: mebi1625 | Q19: FLAT NATURE.ISL | R19: 1 | S19: 30 | T19: 7945 | U19: 139 | V19: 44004.427 | W19: 139 | X19: 44004.427 | Y19: 0 | Z19: NULL | AA19: NULL
A20: 63 | B20: Luis | C20: Perez | D20: luisp | E20: luis | F20: luisp@pearlleather.com.mx | G20: U1 | H20: IG Style.isl | J20: 63 | K20: LUISP | O20: LUISP@PEARLLEATHER.COM.MX | P20: luis | Q20: IG STYLE.ISL | R20: 0 | S20: 40 | T20: 0 | U20: 139 | V20: 44004.427 | W20: 139 | X20: 44004.427 | Y20: 1 | Z20: NULL | AA20: NULL
A21: 64 | B21: Leonor | C21: Hernandez | D21: leonorh | E21: 12340 | F21: leonorh@pearlleather.com.mx | G21: P1 | H21: Red Planet.isl | J21: 64 | K21: LEONORH | L21: LEONOR ADRIANA | M21: HERNANDEZ | N21: MARTINEZ | O21: LEONORH@PEARLLEATHER.COM.MX | P21: 12340 | Q21: RED PLANET.ISL | R21: 2 | S21: 30 | T21: 7549 | U21: 139 | V21: 44004.427 | W21: 139 | X21: 44004.427 | Y21: 0 | Z21: NULL | AA21: NULL
A22: 66 | B22: Karen | C22: Espinoza | D22: karene | E22: 200816 | F22: recibo@pearlleather.com.mx | G22: U | H22: Red Planet.isl | J22: 66 | K22: KARENE | L22: KAREN SELENE | M22: ESPINOZA | N22: RANGEL | O22: RECIBO@PEARLLEATHER.COM.MX | P22: 200816 | Q22: RED PLANET.ISL | R22: 3 | S22: 30 | T22: 10382 | U22: 139 | V22: 44004.427 | W22: 139 | X22: 44004.427 | Y22: 0 | Z22: NULL | AA22: NULL
A23: 67 | B23: Gaspar | C23: Hinojos | D23: gasparh | E23: 12345 | F23: gasparh@pearlleather.com.mx | G23: P1 | H23: The Blues.isl | J23: 67 | K23: GASPARH | L23: GASPAR | M23: HINOJOS | N23: HERNANDEZ | O23: GASPARH@PEARLLEATHER.COM.MX | P23: 12345 | Q23: THE BLUES.ISL | R23: 2 | S23: 30 | T23: 5628 | U23: 139 | V23: 44004.427 | W23: 139 | X23: 44004.427 | Y23: 0 | Z23: NULL | AA23: NULL
A24: 68 | B24: Armida | C24: Hernandez | D24: armidah | E24: 2878 | F24: armidah@pearlleather.com.mx | G24: P1 | H24: Flat Nature.isl | J24: 68 | K24: ARMIDAH | L24: ARMIDA | M24: HERNANDEZ | N24: RIVERA | O24: ARMIDAH@PEARLLEATHER.COM.MX | P24: 2878 | Q24: FLAT NATURE.ISL | R24: 2 | S24: 30 | T24: 7041 | U24: 139 | V24: 44004.427 | W24: 139 | X24: 44004.427 | Y24: 0 | Z24: NULL | AA24: NULL
A25: 69 | B25: Mary | C25: Sosa | D25: marias | E25: 12345 | F25: marias@pearlleather.com.mx | G25: U | H25: Flat Nature.isl | J25: 69 | K25: MARIAS | L25: MARIA DE LA LUZ | M25: SOSA | N25: SEDANO | O25: MARIAS@PEARLLEATHER.COM.MX | P25: 12345 | Q25: FLAT NATURE.ISL | R25: 8 | S25: 30 | T25: 4158 | U25: 139 | V25: 44004.427 | W25: 139 | X25: 44004.427 | Y25: 0 | Z25: NULL | AA25: NULL
A26: 70 | B26: Fernando | C26: Garcia | D26: fernandog | E26: ferny | F26: fernandog@pearlleather.com.mx | G26: U1 | H26: Red Planet.isl | J26: 70 | K26: FERNANDOG | L26: FERNANDO | M26: GARCIA | N26: ANTE | O26: FERNANDOG@PEARLLEATHER.COM.MX | P26: ferny | Q26: RED PLANET.ISL | R26: 3 | S26: 40 | T26: 8464 | U26: 139 | V26: 44004.427 | W26: 139 | X26: 44004.427 | Y26: 0 | Z26: NULL | AA26: NULL
A27: 71 | B27: Navid | C27: Rachman | D27: navidr | E27: kgi01! | F27: navid@rachmantech.com | G27: U | H27: Flat Nature.isl | J27: 71 | K27: NAVIDR | L27: NAVID | M27: RACHMAN | O27: NAVID@RACHMANTECH.COM | P27: kgi01! | Q27: FLAT NATURE.ISL | R27: 0 | S27: 30 | T27: -1 | U27: 139 | V27: 44004.427 | W27: 139 | X27: 44004.427 | Y27: 0 | Z27: NULL | AA27: NULL
A28: 72 | B28: Roxana | C28: Lara | D28: roxanal | E28: 123789 | F28: @pearlleather.com.mx | G28: U1 | H28: The Blues.isl | J28: 72 | K28: ROXANAL | L28: ROXANA EDITH | M28: LARA | N28: AMADOR | P28: 123789 | Q28: THE BLUES.ISL | R28: 4 | S28: 40 | T28: 11879 | U28: 139 | V28: 44004.427 | W28: 139 | X28: 44004.427 | Y28: 0 | Z28: NULL | AA28: NULL
A29: 73 | B29: Yamilex | C29: Quezada | D29: yamilexq | E29: 1234 | F29: yamilexq@pearlleather.com.mx | G29: P1 | H29: Flat Nature.isl | J29: 73 | K29: YAMILEXQ | O29: YAMILEXQ@PEARLLEATHER.COM.MX | P29: 1234 | Q29: FLAT NATURE.ISL | R29: 0 | S29: 30 | T29: 0 | U29: 139 | V29: 44004.427 | W29: 139 | X29: 44004.427 | Y29: 1 | Z29: NULL | AA29: NULL
A30: 75 | B30: Karen | C30: Anaya | D30: karena | E30: 102 | F30: karena@pearlleather.com.mx | G30: U | H30: Noir Moderne.isl | J30: 75 | K30: KARENA | L30: KAREN MICHELLE | M30: APOLONIO | N30: SOTO | O30: KARENA@PEARLLEATHER.COM.MX | P30: 102 | Q30: NOIR MODERNE.ISL | R30: 4 | S30: 30 | T30: 12769 | U30: 139 | V30: 44004.427 | W30: 139 | X30: 44004.427 | Y30: 0 | Z30: NULL | AA30: NULL
A31: 77 | B31: Genaro | C31: Hernandez | D31: genaroh | E31: 12345 | F31: embarques1@pearlleather.com.mx | G31: U | H31: Flat Nature.isl | J31: 77 | K31: GENAROH | L31: GENARO | M31: HERNANDEZ | N31: SANCHEZ | O31: EMBARQUES1@PEARLLEATHER.COM.MX | P31: 12345 | Q31: FLAT NATURE.ISL | R31: 3 | S31: 30 | T31: 4880 | U31: 139 | V31: 44004.427 | W31: 139 | X31: 44004.427 | Y31: 0 | Z31: NULL | AA31: NULL
A32: 82 | B32: Dana | C32: Conde | D32: danac | E32: 2697 | F32: certi@pearlleather.com.mx | G32: U | H32: Flat Nature.isl | J32: 82 | K32: DANAC | L32: DANA YARETH | M32: CONDE | N32: MENDEZ | O32: CERTI@PEARLLEATHER.COM.MX | P32: 2697 | Q32: FLAT NATURE.ISL | R32: 4 | S32: 30 | T32: 10054 | U32: 139 | V32: 44004.427 | W32: 139 | X32: 44004.427 | Y32: 0 | Z32: NULL | AA32: NULL
A33: 83 | B33: Mariana | C33: Castro | D33: marianac | E33: 1986 | F33: certi@pearlleather.com.mx | G33: U | H33: Red Planet.isl | J33: 83 | K33: MARIANAC | O33: CERTI@PEARLLEATHER.COM.MX | P33: 1986 | Q33: RED PLANET.ISL | R33: 0 | S33: 30 | T33: 0 | U33: 139 | V33: 44004.427 | W33: 139 | X33: 44004.427 | Y33: 1 | Z33: NULL | AA33: NULL
A34: 86 | B34: Jorge | C34: Olegario | D34: jorgeo | E34: calidad.30 | F34: jolegario@pearlleather.com.mx | G34: U | H34: Flat Nature.isl | J34: 86 | K34: JORGEO | L34: JORGE OLEGARIO | M34: MIGUEL | N34: LOPEZ | O34: JOLEGARIO@PEARLLEATHER.COM.MX | P34: calidad.30 | Q34: FLAT NATURE.ISL | R34: 4 | S34: 30 | T34: 3589 | U34: 139 | V34: 44004.427 | W34: 139 | X34: 44004.427 | Y34: 0 | Z34: NULL | AA34: NULL
A35: 87 | B35: Diana | C35: Navarrete | D35: dianan | E35: Facturas1 | F35: recibo@pearlleather.com.mx | G35: U1 | H35: Red Planet.isl | J35: 87 | K35: DIANAN | L35: DIANA CECILIA | M35: NAVARRETE | N35: MARTINEZ | O35: DIANAN@PEARLLEATHER.COM.MX | P35: Facturas1 | Q35: RED PLANET.ISL | R35: 3 | S35: 40 | T35: 10221 | U35: 139 | V35: 44004.427 | W35: 139 | X35: 44004.427 | Y35: 0 | Z35: NULL | AA35: NULL
A36: 88 | B36: sistemas | D36: sistemas | E36: m@ster++ | F36: sistemas@pearlleather.com.mx | G36: A1 | H36: Red Planet.isl | J36: 88 | K36: SISTEMAS | O36: SISTEMAS@PEARLLEATHER.COM.MX | P36: m@ster++ | Q36: RED PLANET.ISL | R36: 0 | S36: 30 | T36: 0 | U36: 139 | V36: 44004.427 | W36: 139 | X36: 44004.427 | Y36: 0 | Z36: NULL | AA36: NULL
A37: 89 | B37: Viviana | C37: Chavez | D37: vivianac | E37: 123450 | F37: vivianc@pearlleather.com.mx | G37: Q1 | H37: Flat Nature.isl | J37: 89 | K37: VIVIANAC | L37: VIVIANA ANGELICA | M37: CHAVEZ | N37: ZUNIGA | O37: VIVIANC@PEARLLEATHER.COM.MX | P37: 123450 | Q37: FLAT NATURE.ISL | R37: 4 | S37: 30 | T37: 8242 | U37: 139 | V37: 44004.427 | W37: 139 | X37: 44004.427 | Y37: 0 | Z37: NULL | AA37: NULL
A38: 90 | B38: Tania | C38: Cruz | D38: taniac | E38: 1726 | F38: recibo@pearlleather.com.mx | G38: U | H38: Flat Nature.isl | J38: 90 | K38: TANIAC | L38: TANIA ELIZABETH | M38: CRUZ | N38: HERNANDEZ | O38: RECIBO@PEARLLEATHER.COM.MX | P38: 1726 | Q38: BLACK STYLE.ISL | R38: 3 | S38: 30 | T38: 10209 | U38: 139 | V38: 44004.427 | W38: 139 | X38: 44004.427 | Y38: 0 | Z38: NULL | AA38: NULL
A39: 92 | B39: Jose | C39: Sanchez | D39: joses | E39: jose48320031 | F39: joses@pearlleather.com.mx | G39: U | H39: IG Style.isl | J39: 92 | K39: JOSES | L39: JOSE LUIS | M39: SANCHEZ | N39: CORDOVA | O39: JOSES@PEARLLEATHER.COM.MX | P39: jose48320031 | Q39: IG STYLE.ISL | R39: 2 | S39: 30 | T39: 13253 | U39: 139 | V39: 44004.427 | W39: 139 | X39: 44004.427 | Y39: 0 | Z39: NULL | AA39: NULL
A40: 93 | B40: Maria | C40: Romo | D40: mariar | E40: 12345 | F40: mariar@pearlleather.com.mx | G40: P1 | H40: Natilus.isl | J40: 93 | K40: MARIAR | O40: MARIAR@PEARLLEATHER.COM.MX | P40: 12345 | Q40: NATILUS.ISL | R40: 0 | S40: 30 | T40: 0 | U40: 139 | V40: 44004.427 | W40: 139 | X40: 44004.427 | Y40: 1 | Z40: NULL | AA40: NULL
A41: 94 | B41: Francisco | C41: Morales | D41: franciscom | E41: cuarris987 | F41: @pearlleather.com.mx | G41: U | H41: IG Style.isl | J41: 94 | K41: FRANCISCOM | L41: FRANCISCO GABRIEL | M41: MORALES | N41: LOPEZ | P41: cuarris987 | Q41: IG STYLE.ISL | R41: 2 | S41: 30 | T41: 13189 | U41: 139 | V41: 44004.427 | W41: 139 | X41: 44004.427 | Y41: 0 | Z41: NULL | AA41: NULL
A42: 96 | B42: Santos | C42: Reyes | D42: santosr | E42: 12345 | F42: santosr@pearlleather.com.mx | G42: U | H42: IG Style.isl | J42: 96 | K42: SANTOSR | L42: SANTOS JESUS | M42: REYES | N42: CASTRO | O42: SANTOSR@PEARLLEATHER.COM.MX | P42: 12345 | Q42: IG STYLE.ISL | R42: 2 | S42: 30 | T42: 13005 | U42: 139 | V42: 44004.427 | W42: 139 | X42: 44004.427 | Y42: 0 | Z42: NULL | AA42: NULL
A43: 97 | B43: Elena | C43: Rodriguez | D43: elenar | E43: 1234 | F43: elenar@pearlleather.com.mx | G43: I1 | H43: IG Style.isl | J43: 97 | K43: ELENAR | O43: ELENAR@PEARLLEATHER.COM.MX | P43: 1234 | Q43: IG STYLE.ISL | R43: 0 | S43: 30 | T43: 0 | U43: 139 | V43: 44004.427 | W43: 139 | X43: 44004.427 | Y43: 1 | Z43: NULL | AA43: NULL
A44: 98 | B44: Monica | C44: Gabino | D44: monicag | E44: 8956 | F44: recibo@pearlleather.com.mx | G44: U | H44: Red Planet.isl | J44: 98 | K44: MONICAG | L44: MONICA ESTEFANIA | M44: GABINO | N44: GARCIA | O44: RECIBO@PEARLLEATHER.COM.MX | P44: 7410 | Q44: RED PLANET.ISL | R44: 3 | S44: 30 | T44: 10569 | U44: 139 | V44: 44004.427 | W44: 139 | X44: 44004.427 | Y44: 0 | Z44: NULL | AA44: NULL
A45: 101 | B45: Leyver | C45: Roblero | D45: leyverr | E45: 193105 | F45: @pearlleather.com.mx | G45: Q1 | H45: Red Planet.isl | J45: 101 | K45: LEYVERR | P45: 193105 | Q45: RED PLANET.ISL | R45: 0 | S45: 30 | T45: 0 | U45: 139 | V45: 44004.427 | W45: 139 | X45: 44004.427 | Y45: 1 | Z45: NULL | AA45: NULL
A46: 102 | B46: Edgar | C46: Armijo | D46: edgara | E46: 12345 | F46: @pearlleather.com.mx | G46: Q1 | H46: Flat Nature.isl | J46: 102 | K46: EDGARA | L46: EDGAR MANUEL | M46: ARMIJO | N46: CAMPOS | P46: 12345 | Q46: FLAT NATURE.ISL | R46: 4 | S46: 30 | T46: 10222 | U46: 139 | V46: 44004.427 | W46: 139 | X46: 44004.427 | Y46: 0 | Z46: NULL | AA46: NULL
A47: 103 | B47: Supervisor | C47: Produccion | D47: supervisor | E47: super10 | F47: xx@pearlleather.com.mx | G47: U | H47: Flat Nature.isl | J47: 103 | K47: SUPERVISOR | O47: XX@PEARLLEATHER.COM.MX | P47: super10 | Q47: FLAT NATURE.ISL | R47: 0 | S47: 30 | T47: 0 | U47: 139 | V47: 44004.427 | W47: 139 | X47: 44004.427 | Y47: 0 | Z47: NULL | AA47: NULL
A48: 108 | B48: Victor | C48: Chontal | D48: victorc | E48: Password1 | F48: victorc@pearlleather.com.mx | G48: I1 | H48: Flat Nature.isl | J48: 108 | K48: VICTORC | L48: VICTOR MANUEL | M48: CHONTAL | N48: GALLEGOS | O48: VICTORC@PEARLLEATHER.COM.MX | P48: Password1 | Q48: FLAT NATURE.ISL | R48: 12 | S48: 30 | T48: 5913 | U48: 139 | V48: 44004.427 | W48: 139 | X48: 44004.427 | Y48: 0 | Z48: NULL | AA48: NULL
A49: 109 | B49: Alberto | C49: Sifuentes | D49: asifuentes | E49: 1234 | F49: albertos@pearlleather.com.mx | G49: I1 | H49: Red Planet.isl | J49: 109 | K49: ASIFUENTES | L49: JOSE ALBERTO | M49: SIFUENTES | N49: ROJAS | O49: ALBERTOS@PEARLLEATHER.COM.MX | P49: 1234 | Q49: RED PLANET.ISL | R49: 5 | S49: 30 | T49: 11258 | U49: 139 | V49: 44004.427 | W49: 139 | X49: 44004.427 | Y49: 0 | Z49: NULL | AA49: NULL
A50: 110 | B50: Fray | C50: Jimenez | D50: frayj | E50: 1234 | F50: frayj@pearlleather.com.mx | G50: I1 | H50: The Blues.isl | J50: 110 | K50: FRAYJ | O50: FRAYJ@PEARLLEATHER.COM.MX | P50: 1234 | Q50: THE BLUES.ISL | R50: 0 | S50: 30 | T50: 0 | U50: 139 | V50: 44004.427 | W50: 139 | X50: 44004.427 | Y50: 1 | Z50: NULL | AA50: NULL
A51: 111 | B51: Adriana | C51: Ibarra | D51: adrianai | E51: 12345 | F51: adrianai@pearlleather.com.mx | G51: U | H51: Natilus.isl | J51: 111 | K51: ADRIANAI | L51: ADRIANA | M51: IBARRA | N51: PRIETO | O51: ADRIANAI@PEARLLEATHER.COM.MX | P51: 12345 | Q51: NATILUS.ISL | R51: 4 | S51: 30 | T51: 11476 | U51: 139 | V51: 44004.427 | W51: 139 | X51: 44004.427 | Y51: 0 | Z51: NULL | AA51: NULL
A52: 112 | B52: Alma | C52: Zuniga | D52: almaz | E52: 123 | F52: @pearlleather.com.mx | G52: U | H52: Mistic Brown.isl | J52: 112 | K52: ALMAZ | P52: 123 | Q52: MISTIC BROWN.ISL | R52: 0 | S52: 30 | T52: 0 | U52: 139 | V52: 44004.427 | W52: 139 | X52: 44004.427 | Y52: 1 | Z52: NULL | AA52: NULL
A53: 113 | B53: Ernesto | C53: Gaytan | D53: ernestog | E53: *eder0607 | F53: ernestog@pearlleather.com.mx | G53: U2 | H53: black.isl | J53: 113 | K53: ERNESTOG | O53: ERNESTOG@PEARLLEATHER.COM.MX | P53: *eder0607 | Q53: BLACK.ISL | R53: 0 | S53: 50 | T53: 0 | U53: 139 | V53: 44004.427 | W53: 139 | X53: 44004.427 | Y53: 1 | Z53: NULL | AA53: NULL
A54: 114 | B54: Josue | C54: Chavez | D54: josuec | E54: Password1 | F54: josuec@pearlleather.com.mx | G54: U1 | H54: Noir Moderne.isl | J54: 114 | K54: JOSUEC | O54: JOSUEC@PEARLLEATHER.COM.MX | P54: Password1 | Q54: NOIR MODERNE.ISL | R54: 0 | S54: 40 | T54: 0 | U54: 139 | V54: 44004.427 | W54: 139 | X54: 44004.427 | Y54: 1 | Z54: NULL | AA54: NULL
A55: 115 | B55: Sonia | C55: Ortiz | D55: soniao | E55: 12340 | F55: soniao@pearlleather.com.mx | G55: U | H55: Flat Nature.isl | J55: 115 | K55: SONIAO | L55: SONIA YADIRA | M55: ORTIZ | N55: TORRES | O55: SONIAO@PEARLLEATHER.COM.MX | P55: 12340 | Q55: FLAT NATURE.ISL | R55: 1 | S55: 30 | T55: 515 | U55: 139 | V55: 44004.427 | W55: 139 | X55: 44004.427 | Y55: 0 | Z55: NULL | AA55: NULL
A56: 116 | B56: Perla | C56: Hernandez | D56: perlah | E56: Password1 | F56: @pearlleather.com.mx | G56: U | H56: IG Style.isl | J56: 116 | K56: PERLAH | L56: PERLA IVETH | M56: HERNANDEZ | N56: CASTILLO | P56: Password1 | Q56: IG STYLE.ISL | R56: 4 | S56: 30 | T56: 11834 | U56: 139 | V56: 44004.427 | W56: 139 | X56: 44004.427 | Y56: 0 | Z56: NULL | AA56: NULL
A57: 120 | B57: Alfredo | C57: Alanis | D57: alfredoa | E57: saiddamian | F57: @pearlleather.com.mx | G57: U | H57: Noir Moderne.isl | J57: 120 | K57: ALFREDOA | L57: JOSE ALFREDO | M57: ALANIS | N57: CONTRERAS | P57: saiddamian | Q57: NOIR MODERNE.ISL | R57: 3 | S57: 30 | T57: 11716 | U57: 139 | V57: 44004.427 | W57: 139 | X57: 44004.427 | Y57: 0 | Z57: NULL | AA57: NULL
A58: 121 | B58: Luz | C58: Morales | D58: luzm | E58: 12340 | F58: luzm@pearlleather.com.mx | G58: U | H58: Flat Nature.isl | J58: 121 | K58: LUZM | L58: LUZ ELENA | M58: MORALES | N58: GONZALEZ | O58: LUZM@PEARLLEATHER.COM.MX | P58: 12340 | Q58: FLAT NATURE.ISL | R58: 1 | S58: 30 | T58: 7283 | U58: 139 | V58: 44004.427 | W58: 139 | X58: 44004.427 | Y58: 0 | Z58: NULL | AA58: NULL
A59: 122 | B59: Jesus | C59: Rojero | D59: jesusr | E59: 12340 | F59: jesusr@pearlleather.com.mx | G59: U | H59: Red Planet.isl | J59: 122 | K59: JESUSR | O59: JESUSR@PEARLLEATHER.COM.MX | P59: 12340 | Q59: RED PLANET.ISL | R59: 0 | S59: 30 | T59: 0 | U59: 139 | V59: 44004.427 | W59: 139 | X59: 44004.427 | Y59: 1 | Z59: NULL | AA59: NULL
A60: 123 | B60: Jorge | C60: Niño | D60: jorgen | E60: 1234 | F60: adriann@pearlleather.com.mx | G60: U | H60: Red Planet.isl | J60: 123 | K60: JORGEN | L60: JORGE ADRIAN | M60: NINO | N60: RUIZ | O60: ADRIANN@PEARLLEATHER.COM.MX | P60: 1234 | Q60: RED PLANET.ISL | R60: 5 | S60: 30 | T60: 11524 | U60: 139 | V60: 44004.427 | W60: 139 | X60: 44004.427 | Y60: 0 | Z60: NULL | AA60: NULL
A61: 125 | B61: Iris | C61: Estrada | D61: irise | E61: 12345 | F61: irise@pearlleather.com.mx | G61: U | H61: Flat Nature.isl | J61: 125 | K61: IRISE | L61: IRIS ELIZABETH | M61: ESTRADA | N61: BAUTISTA | O61: IRISE@PEARLLEATHER.COM.MX | P61: 12345 | Q61: FLAT NATURE.ISL | R61: 1 | S61: 30 | T61: 8524 | U61: 139 | V61: 44004.427 | W61: 139 | X61: 44004.427 | Y61: 0 | Z61: NULL | AA61: NULL
A62: 126 | B62: Anahi | C62: Gallegos | D62: anahig | E62: 12345 | F62: @pearlleather.com.mx | G62: U | H62: Natilus.isl | J62: 126 | K62: ANAHIG | P62: 12345 | Q62: NATILUS.ISL | R62: 0 | S62: 30 | T62: 0 | U62: 139 | V62: 44004.427 | W62: 139 | X62: 44004.427 | Y62: 1 | Z62: NULL | AA62: NULL
A63: 127 | B63: Jorge | C63: Jaramillo | D63: jorgej | E63: 1803 | F63: @pearlleather.com.mx | G63: U | H63: Red Planet.isl
A64: 128 | B64: Mario | C64: Saenz | D64: marios | E64: Valeria02 | F64: marios@pearlleather.com.mx | G64: U | H64: Red Planet.isl
A65: 129 | B65: Mario | C65: Saenz | D65: marios | E65: 12345 | F65: marios@pearlleather.com.mx | G65: U | H65: Red Planet.isl | J65: 129 | K65: MARIOS | L65: MARIO ALBERTO | M65: SAENZ | N65: MONTES | O65: MARIOS@PEARLLEATHER.COM.MX | P65: 12345 | Q65: RED PLANET.ISL | R65: 4 | S65: 30 | T65: 12483 | U65: 139 | V65: 44004.427 | W65: 139 | X65: 44004.427 | Y65: 0 | Z65: NULL | AA65: NULL
A66: 131 | B66: Jesus | C66: Torres | D66: jesust | E66: Password1 | F66: @pearlleather.com.mx | G66: U | H66: Flat Nature.isl | J66: 131 | K66: JESUST | L66: JESUS | M66: TORRES | N66: ORONA | P66: Password1 | Q66: FLAT NATURE.ISL | R66: 3 | S66: 30 | T66: 3719 | U66: 139 | V66: 44004.427 | W66: 139 | X66: 44004.427 | Y66: 0 | Z66: NULL | AA66: NULL
A67: 132 | B67: Teresa | C67: Jimenez | D67: teresaj | E67: 123456 | F67: @pearlleather.com.mx | G67: U | H67: Flat Nature.isl | J67: 132 | K67: TERESAJ | L67: TERESA DE JESUS | M67: JIMENEZ | N67: GARCIA | P67: 123456 | Q67: FLAT NATURE.ISL | R67: 4 | S67: 30 | T67: 12662 | U67: 139 | V67: 44004.427 | W67: 139 | X67: 44004.427 | Y67: 0 | Z67: NULL | AA67: NULL
A68: 134 | B68: Daneli | C68: Jimenez | D68: danelij | E68: Password1 | F68: @pearlleather.com.mx | G68: U | H68: Flat Nature.isl | J68: 134 | K68: DANELIJ | L68: DANELI MICHELLE | M68: JIMENEZ | N68: PEREZ | P68: Password1 | Q68: FLAT NATURE.ISL | R68: 4 | S68: 30 | T68: 12722 | U68: 139 | V68: 44004.427 | W68: 139 | X68: 44004.427 | Y68: 0 | Z68: NULL | AA68: NULL
A69: 135 | B69: Ana | C69: Hernandez | D69: anah | E69: Password1 | F69: @pearlleather.com.mx | G69: U | H69: black.isl | J69: 135 | K69: ANAH | L69: ANA KAREN | M69: HERNANDEZ | N69: LINARES | P69: Password1 | Q69: BLACK.ISL | R69: 2 | S69: 30 | T69: 11943 | U69: 139 | V69: 44004.427 | W69: 139 | X69: 44004.427 | Y69: 0 | Z69: NULL | AA69: NULL
A70: 136 | B70: Cristal | C70: Villa | D70: cristalv | E70: 1394 | F70: @pearlleather.com.mx | G70: U | H70: Noir Moderne.isl | J70: 136 | K70: CRISTALV | L70: VIVIANA CRISTAL | M70: VILLA | N70: RODRIGUEZ | P70: 1394 | Q70: NOIR MODERNE.ISL | R70: 3 | S70: 30 | T70: 12844 | U70: 139 | V70: 44004.427 | W70: 139 | X70: 44004.427 | Y70: 0 | Z70: NULL | AA70: NULL
A71: 137 | B71: Jorge | C71: Gonzalez | D71: jorgeg | E71: 1234 | F71: jorgeg@pearlleather.com.mx | G71: U | H71: Flat Nature.isl | J71: 137 | K71: JORGEG | L71: JORGE ARMANDO | M71: GONZALEZ | N71: JUAREZ | O71: JORGEG@PEARLLEATHER.COM.MX | P71: 1234 | Q71: FLAT NATURE.ISL | R71: 1 | S71: 30 | T71: 6897 | U71: 139 | V71: 44004.427 | W71: 139 | X71: 44004.427 | Y71: 0 | Z71: NULL | AA71: NULL
A72: 138 | B72: Rodolfo | C72: Carbajal | D72: rodolfoc | E72: 247328 | F72: @pearlleather.com.mx | G72: U1 | H72: Flat Nature.isl | J72: 138 | K72: RODOLFOC | L72: RODOLFO | M72: CARBAJAL | N72: PAJON | P72: 247328 | Q72: FLAT NATURE.ISL | R72: 12 | S72: 40 | T72: 9762 | U72: 139 | V72: 44004.427 | W72: 139 | X72: 44004.427 | Y72: 0 | Z72: NULL | AA72: NULL
A73: 139 | B73: Alejandro | C73: De la Rosa | D73: alejandrod | E73: 11111111 | F73: alejandrod@pearlleather.com.mx | G73: U | H73: black.isl | J73: 139 | K73: ALEJANDROD | L73: ALEJANDRO | M73: DE LA ROSA | N73: RODRIGUEZ | O73: ALEJANDROD@PEARLLEATHER.COM.MX | P73: 11111111 | Q73: BLACK.ISL | R73: 7 | S73: 30 | T73: 13164 | U73: 139 | V73: 44004.427 | W73: 139 | X73: 44004.427 | Y73: 0 | Z73: NULL | AA73: NULL
A74: 140 | B74: Jorge | C74: Jaramillo | D74: jorgej | E74: Password1 | F74: jorgej@pearlleather.com.mx | G74: U | H74: Red Planet.isl | J74: 140 | K74: JORGEJ | L74: JORGE IVAN | M74: JARAMILLO | N74: TAPIA | O74: JORGEJ@PEARLLEATHER.COM.MX | P74: Password1 | Q74: RED PLANET.ISL | R74: 4 | S74: 30 | T74: 8537 | U74: 139 | V74: 44004.427 | W74: 139 | X74: 44004.427 | Y74: 0 | Z74: NULL | AA74: NULL
A75: 141 | B75: Geovanni | C75: Lopez | D75: geovannil | E75: Password1 | F75: @pearlleather.com.mx | G75: U | H75: Flat Nature.isl | J75: 141 | K75: GEOVANNIL | L75: HECTOR GEOVANNI | M75: LOPEZ | N75: LOPEZ | P75: Password1 | Q75: FLAT NATURE.ISL | R75: 4 | S75: 30 | T75: 12602 | U75: 139 | V75: 44004.427 | W75: 139 | X75: 44004.427 | Y75: 0 | Z75: NULL | AA75: NULL
A76: 142 | B76: Alba | C76: Jaquez | D76: albaj | E76: Password1 | F76: albaj@pearlleather.com.mx | G76: U | H76: Flat Nature.isl | J76: 142 | K76: ALBAJ | L76: ALBA VALERIA | M76: JAQUEZ | N76: BERNAL | O76: ALBAJ@PEARLLEATHER.COM.MX | P76: Password1 | Q76: FLAT NATURE.ISL | R76: 4 | S76: 30 | T76: 13270 | U76: 139 | V76: 44004.427 | W76: 139 | X76: 44004.427 | Y76: 0 | Z76: NULL | AA76: NULL
A77: 143 | B77: Eduardo | C77: Peñuela | D77: eduardop | E77: 80916 | F77: @pearlleather.com.mx | G77: U | H77: Noir Moderne.isl | J77: 143 | K77: EDUARDOP | P77: 80916 | Q77: NOIR MODERNE.ISL | R77: 0 | S77: 30 | T77: 0 | U77: 139 | V77: 44004.427 | W77: 139 | X77: 44004.427 | Y77: 1 | Z77: NULL | AA77: NULL
A78: 144 | B78: Francisco | C78: Esteban | D78: franciscoe | E78: Password1 | F78: franciscoe@pearlleather.com.mx | G78: U | H78: Flat Nature.isl | J78: 144 | K78: FRANCISCOE | L78: FRANCISCO | M78: ESTEBAN | N78: GUTIERREZ | O78: FRANCISCOE@PEARLLEATHER.COM.MX | P78: Password1 | Q78: FLAT NATURE.ISL | R78: 7 | S78: 30 | T78: 13367 | U78: 139 | V78: 44004.427 | W78: 139 | X78: 44004.427 | Y78: 0 | Z78: NULL | AA78: NULL
A79: 145 | B79: Dulce | C79: Cobos | D79: dulcec | E79: Password1 | F79: dulcec@pearlleather.com.mx | G79: P1 | H79: Flat Nature.isl | J79: 145 | K79: DULCEC | L79: DULCE IVETH | M79: COBOS | N79: FRAYRE | O79: DULCEC@PEARLLEATHER.COM.MX | P79: Password1 | Q79: FLAT NATURE.ISL | R79: 2 | S79: 30 | T79: 12834 | U79: 139 | V79: 44004.427 | W79: 139 | X79: 44004.427 | Y79: 0 | Z79: NULL | AA79: NULL
A80: 146 | B80: Jackie | C80: Gonzalez | D80: jackieg | E80: Password1 | F80: jackie@pearlleather.com.mx | G80: U | H80: Flat Nature.isl | J80: 146 | K80: JACKIEG | L80: JACKIE JURIANA | M80: GONZALEZ | N80: HERNANDEZ | O80: JACKIE@PEARLLEATHER.COM.MX | P80: Password1 | Q80: FLAT NATURE.ISL | R80: 2 | S80: 30 | T80: 13107 | U80: 139 | V80: 44004.427 | W80: 139 | X80: 44004.427 | Y80: 0 | Z80: NULL | AA80: NULL
A81: 147 | B81: Rosario | C81: Mendoza | D81: rosariom | E81: Password1 | F81: rosariom.pearl@gmail.com | G81: U | H81: Flat Nature.isl
A82: 148 | B82: Miguel | C82: Reyes | D82: miguelr | E82: Password1 | F82: miguelr@pearlleather.com.mx | G82: U | H82: Flat Nature.isl
A83: 149 | B83: Nicolas | C83: Perez | D83: nicolasp | E83: password1 | F83: nicolasp@pearlleather.com.mx | G83: U | H83: Flat Nature.isl

Sheet MENUSS
B3: opt_cd | C3: descripcion | D3: grupo | F3: d_grupo_tag | G3: K_SISTEMA_TAG | H3: D_SISTEMA_TAG | I3: D_SISTEMA_TAG_MENU | J3: S_SISTEMA_TAG | K3: O_SISTEMA_TAG | L3: C_SISTEMA_TAG | M3: R_SISTEMA_TAG | N3: L_SISTEMA_TAG | O3: k_grupo_tag | P3: L_ARCHIVO_TAG | Q3: K_IMAGEN_SISTEMA_TAG
B4: 1 | C4: Production report | D4: Produccion | F4: PRODUCCION | G4: 1 | H4: prod_rpt | I4: PRODUCTION REPORT | J4: #001 | K4: 1 | N4: 1 | O4: 70 | P4: 0 | Q4: 1
B5: 2 | C5: Supervisors | D5: Produccion | F5: PRODUCCION | G5: 2 | H5: SupScreen | I5: SUPERVISORS | J5: #002 | K5: 2 | N5: 1 | O5: 70 | P5: 0 | Q5: 30
B6: 3 | C6: Production | D6: Produccion | F6: PRODUCCION | G6: 3 | H6: frmMain2 | I6: PRODUCTION | J6: #003 | K6: 3 | N6: 1 | O6: 70 | P6: 0 | Q6: 26
B7: 4 | C7: Rejects | D7: Produccion | F7: PRODUCCION | G7: 4 | H7: rej | I7: REJECTS | J7: #004 | K7: 4 | N7: 1 | O7: 70 | P7: 0 | Q7: 24
B8: 5 | C8: Planning screen | D8: Materiales | F8: MATERIALES | G8: 5 | H8: Planning | I8: PLANNING SCREEN | J8: #005 | K8: 5 | N8: 1 | O8: 60 | P8: 0 | Q8: 21
B9: 6 | C9: Transactions | D9: Materiales | F9: MATERIALES | G9: 6 | H9: Transferencias | I9: TRANSACTIONS | J9: #006 | K9: 6 | N9: 1 | O9: 60 | P9: 0 | Q9: 19
B10: 7 | C10: Hides scanner | D10: Materiales | F10: MATERIALES | G10: 7 | H10: sc_pieles2 | I10: HIDES SCANNER | J10: #007 | K10: 7 | N10: 0 | O10: 60 | P10: 0 | Q10: 7
B11: 8 | C11: Labels | D11: Materiales | F11: FINAL | G11: 8 | H11: Packing | I11: PACKING SLIP | J11: #008 | K11: 8 | N11: 1 | O11: 20 | P11: 0 | Q11: 14
B12: 9 | C12: Hide labels | D12: Materiales | F12: FINAL | G12: 9 | H12: FO_TRANSFER_SCREEN | I12: TRANSFER MCT TO MFP | J12: #009 | K12: 9 | N12: 1 | O12: 20 | P12: 0 | Q12: 20
B13: 10 | C13: Packing slip | D13: Final | F13: FINAL | G13: 10 | H13: InventMFP | I13: MFP INVENTORY | J13: #010 | K13: 10 | N13: 1 | O13: 20 | P13: 0 | Q13: 12
B14: 11 | C14: Transfer MCT to MFP | D14: Final | F14: MATERIALES | G14: 11 | H14: labels | I14: LABELS | J14: #011 | K14: 11 | N14: 1 | O14: 60 | P14: 0 | Q14: 35
B15: 12 | C15: MFP inventory | D15: Final | F15: MATERIALES | G15: 12 | H15: etiqueta_piel | I15: HIDE LABELS | J15: #012 | K15: 12 | N15: 1 | O15: 60 | P15: 0 | Q15: 34
... B19: 16 | C19: Daily inventory | D19: Final | F19: FINAL | G19: 16 | H19: InvD | I19: DAILY INVENTORY | J19: #016 | K19: 16 | N19: 1 | O19: 20 | P19: 0 | Q19: 25
B20: 17 | C20: 2D Bar code | D20: NY
B21: 18 | C21: Hides allocation | D21: General | F21: GENERAL | G21: 17 | H21: HidesAllocation | I21: HIDES ALLOCATION | J21: #017 | K21: 17 | N21: 1 | O21: 40 | P21: 0 | Q21: 2
B22: 19 | C22: Human resources | D22: Recursos Humanos | F22: RECURSOS_HUMANOS | G22: 18 | H22: personal | I22: HUMAN RESOURCES | J22: #018 | K22: 18 | N22: 1 | O22: 80 | P22: 0 | Q22: 4
B23: 20 | C23: Stock status | D23: General | F23: GENERAL | G23: 19 | H23: frmRange | I23: STOCK STATUS | J23: #019 | K23: 19 | N23: 1 | O23: 40 | P23: 0 | Q23: 4
B24: 21 | C24: Excel production report | D24: Produccion | F24: PRODUCCION | G24: 20 | H24: EXCEL_PRODUCTION_REPORT | I24: EXCEL PRODUCTION REPORT | J24: #020 | K24: 20 | M24: \\10.1.1.5\documents\PEARL\Reportes\Excel Production Report.xlsm | N24: 1 | O24: 70 | P24: 1 | Q24: 32
B25: 22 | C25: Bell curve | D25: General | F25: GENERAL | G25: 21 | H25: BELL_CURVE | I25: BELL CURVE | J25: #021 | K25: 21 | M25: \\10.1.1.5\documents\PEARL\Reportes\Bell_Curve_Report.xls | N25: 1 | O25: 40 | P25: 1 | Q25: 14
B26: 23 | C26: Transaction report | D26: Materiales | F26: MATERIALES | G26: 22 | H26: TransactionsReport | I26: TRANSACTION REPORT | J26: #022 | K26: 22 | N26: 1 | O26: 60 | P26: 0 | Q26: 7
B27: 24 | C27: Certification report | D27: Calidad | F27: CALIDAD | G27: 23 | H27: CERTIFICATION_REPORT | I27: CERTIFICATION REPORT | J27: #023 | K27: 23 | N27: 1 | O27: 10 | P27: 0 | Q27: 21
B28: 25 | C28: Folios inventory | D28: Final | F28: MATERIALES | G28: 24 | H28: FoliosInv | I28: FOLIOS INVENTORY | J28: #024 | K28: 24 | N28: 1 | O28: 60 | P28: 0 | Q28: 6
B29: 26 | C29: Quality rejects | D29: Calidad | F29: CALIDAD | G29: 25 | H29: QUALITY_REJECTS | I29: QUALITY REJECTS | J29: #025 | K29: 25 | N29: 1 | O29: 10 | P29: 0 | Q29: 24
B30: 27 | C30: Packing macola | D30: Final | F30: FINAL | G30: 26 | H30: PackingSlipMexico | I30: PACKING MACOLA | J30: #026 | K30: 26 | N30: 1 | O30: 20 | P30: 0 | Q30: 10
B31: 28 | C31: Tags | D31: Finanzas | F31: FINANZAS | G31: 27 | H31: Tags | I31: TAGS | J31: #027 | K31: 27 | N31: 1 | O31: 30 | P31: 0 | Q31: 36
B32: 29 | C32: Sales By Cust | D32: Finanzas | F32: FINANZAS | G32: 28 | H32: SalesByCust | I32: SALES BY CUST | J32: #028 | K32: 28 | N32: 1 | O32: 30 | P32: 0 | Q32: 38
B33: 30 | C33: Poliza de nomina | D33: Finanzas | F33: FINANZAS | G33: 29 | H33: PolizaNomina | I33: POLIZA DE NOMINA | J33: #029 | K33: 29 | N33: 1 | O33: 30 | P33: 0 | Q33: 25
B34: 31 | C34: History By Job No | D34: Materiales | F34: MATERIALES | G34: 30 | H34: HistoryByPackL | I34: HISTORY BY JOB NO | J34: #030 | K34: 30 | N34: 1 | O34: 60 | P34: 0 | Q34: 15
B35: 32 | C35: Pattern Labels | D35: Sistemas | F35: SISTEMAS | G35: 31 | H35: PatternsDatabase | I35: PATTERN LABELS | J35: #031 | K35: 31 | N35: 1 | O35: 90 | P35: 0 | Q35: 39
B36: 33 | C36: Leather planning | D36: General
B37: 34 | C37: Cumulative Report | D37: Materiales | F37: MATERIALES | G37: 32 | H37: Cum_Report | I37: CUMULATIVE REPORT | J37: #032 | K37: 32 | N37: 1 | O37: 60 | P37: 0 | Q37: 7
B38: 35 | C38: Incoming Inspection | D38: Calidad | F38: CALIDAD | G38: 33 | H38: INCOMING_INSPECTION | I38: INCOMING INSPECTION | J38: #033 | K38: 33 | N38: 1 | O38: 10 | P38: 0 | Q38: 27
B39: 36 | C39: Status de Ordenes | D39: Calidad | F39: CALIDAD | G39: 34 | H39: STATUS_DE_ORDENES | I39: STATUS DE ORDENES | J39: #034 | K39: 34 | N39: 1 | O39: 10 | P39: 0 | Q39: 17
B40: 37 | C40: Update Targets | D40: General | F40: INGENIERIA | G40: 35 | H40: colors | I40: COLORS MANT | J40: #035 | K40: 35 | N40: 1 | O40: 50 | P40: 0 | Q40: 28
B41: 38 | C41: Colors Mant | D41: General | F41: GENERAL | G41: 36 | H41: UpdateTarget | I41: UPDATE TARGETS | J41: #036 | K41: 36 | N41: 1 | O41: 40 | P41: 0 | Q41: 38
B42: 39 | C42: Lot Comp | D42: Calidad | F42: CALIDAD | G42: 37 | H42: LOT_COMP | I42: LOT COMP | J42: #037 | K42: 37 | N42: 1 | O42: 10 | P42: 0 | Q42: 14
B43: 40 | C43: Inv IT | D43: Sistemas
B44: 41 | C44: Engineering Screen | D44: General | F44: INGENIERIA | G44: 38 | H44: Eng_main | I44: ENGINEERING SCREEN | J44: #038 | K44: 38 | N44: 1 | O44: 50 | P44: 0 | Q44: 22
B45: 42 | C45: Prod Category | D45: General | F45: INGENIERIA | G45: 39 | H45: ProdCat | I45: PROD CATEGORY | J45: #039 | K45: 39 | N45: 1 | O45: 50 | P45: 0 | Q45: 10
B46: 43 | C46: Item Master | D46: General | F46: INGENIERIA | G46: 40 | H46: ItemMaster | I46: ITEM MASTER | J46: #040 | K46: 40 | N46: 1 | O46: 50 | P46: 0 | Q46: 30
B47: 44 | C47: Kit Master | D47: General | F47: INGENIERIA | G47: 41 | H47: KitMaster | I47: KIT MASTER | J47: #041 | K47: 41 | N47: 1 | O47: 50 | P47: 0 | Q47: 17
B48: 45 | C48: Add Locations | D48: General | F48: GENERAL | G48: 42 | H48: ADLocations | I48: ADD LOCATIONS | J48: #042 | K48: 42 | N48: 1 | O48: 40 | P48: 0 | Q48: 11
B49: 46 | C49: Billing | D49: Final | F49: FINAL | G49: 43 | H49: Facturacion | I49: BILLING | J49: #043 | K49: 43 | N49: 1 | O49: 20 | P49: 0 | Q49: 13
B50: 47 | C50: Trans_Folios | D50: Materiales | F50: MATERIALES | G50: 44 | H50: FoliosV2 | I50: TRANS_FOLIOS | J50: #044 | K50: 44 | N50: 1 | O50: 60 | P50: 0 | Q50: 20
B51: 48 | C51: Re-print Invoice | D51: Final | F51: FINAL | G51: 45 | H51: PrintInvoice | I51: RE-PRINT INVOICE | J51: #045 | K51: 45 | N51: 1 | O51: 20 | P51: 0 | Q51: 7
B52: 49 | C52: Cum Report | D52: Finanzas | F52: MATERIALES | G52: 46 | H52: Fina_Cum_Report | I52: CUM REPORT | J52: #046 | K52: 46 | N52: 1 | O52: 60 | P52: 0 | Q52: 17
B53: 50 | C53: Salidas de Inv | D53: Materiales | F53: PRODUCCION | G53: 47 | H53: frmprddefrpt | I53: REPORTE DE DEFECTOS | J53: #047 | K53: 47 | N53: 1 | O53: 70 | P53: 0 | Q53: 11
B54: 51 | C54: Reporte de Defectos | D54: Produccion | F54: PRODUCCION | G54: 48 | H54: LotsYield | I54: LOT YIELD | J54: #048 | K54: 48 | N54: 1 | O54: 70 | P54: 0 | Q54: 38
B55: 52 | C55: Lot Yield | D55: Produccion | F55: GENERAL | G55: 49 | H55: LotTrack | I55: LOT TRACK | J55: #049 | K55: 49 | N55: 1 | O55: 40 | P55: 0 | Q55: 26
... B63: 60 | C63: Cerrar Kits | D63: Final | F63: SISTEMAS | G63: 57 | H63: frmtoner | I63: TONERS | J63: #057 | K63: 57 | N63: 1 | O63: 90 | P63: 0 | Q63: 56
B64: XXX | C64: Tickets | D64: Sistemas
B65: 61 | C65: Reporte | D65: Recursos Humanos | F65: FINAL | G65: 58 | H65: frmKits | I65: CERRAR KITS | J65: #058 | K65: 58 | N65: 1 | O65: 20 | P65: 0 | Q65: 53
B66: 62 | C66: Ausentismo | D66: Recursos Humanos | F66: RECURSOS_HUMANOS | G66: 59 | H66: Frm_Ausentismo | I66: AUSENTISMO | J66: #059 | K66: 59 | N66: 1 | O66: 80 | P66: 0 | Q66: 61
B67: 63 | C67: Hide labels JL | D67: Materiales | F67: RECURSOS_HUMANOS | G67: 60 | H67: frmreporte | I67: REPORTE | J67: #060 | K67: 60 | N67: 1 | O67: 80 | P67: 0 | Q67: 53
B68: 64 | C68: Compras | D68: Finanzas | F68: FINANZAS | G68: 61 | H68: FO_MENU | I68: COMPRAS | J68: #061 | K68: 61 | N68: 1 | O68: 30 | P68: 0 | Q68: 38
B69: 65 | C69: Import Hides | D69: Materiales | F69: MATERIALES | G69: 62 | H69: HorseDetail | I69: IMPORT HIDES | J69: #062 | K69: 62 | N69: 1 | O69: 60 | P69: 0 | Q69: 53
B70: 66 | C70: Head Count | D70: Recursos Humanos | F70: RECURSOS_HUMANOS | G70: 63 | H70: HeadCountRpt | I70: HEAD COUNT | J70: #063 | K70: 63 | N70: 1 | O70: 80 | P70: 0 | Q70: 61
B71: 67 | C71: Sales Reports | D71: Finanzas | F71: FINANZAS | G71: 64 | H71: SalesReports | I71: SALES REPORTS | J71: #064 | K71: 64 | N71: 1 | O71: 30 | P71: 0 | Q71: 6
B72: 68 | C72: Fingerprint | D72: Recursos Humanos | F72: RECURSOS_HUMANOS | G72: 65 | H72: Enroll | I72: FINGERPRINT | J72: #065 | K72: 65 | N72: 1 | O72: 80 | P72: 0 | Q72: 61
B73: 69 | C73: Customers | D73: General | F73: INGENIERIA | G73: 66 | H73: Customers | I73: CUSTOMERS | J73: #066 | K73: 66 | N73: 1 | O73: 50 | P73: 0 | Q73: 61
B74: 70 | C74: Cotizaciones | D74: General | F74: INGENIERIA | G74: 67 | H74: FO_ENG_QUOTE | I74: COTIZACIONES | J74: #067 | K74: 67 | N74: 1 | O74: 50 | P74: 0 | Q74: 16
F75: SISTEMAS | G75: 68 | H75: FO_SISTEMAS | I75: ALTA DE FORMAS | J75: #068 | K75: 68 | N75: 1 | O75: 90 | P75: 0 | Q75: 16
