Workbook

Sheet CI_
A1: ??? | B1: K_USUARIO_ACCION | C1: [K_USUARIO_PEARL] | D1: [D_USUARIO_PEARL] | E1: [PASSWORD_USUARIO_PEARL] | F1: [CORREO_USUARIO_PEARL] | G1: [K_USUARIO_DEPTO] | H1: [K_USUARIO_TIPO] | I1: [TEMA_USUARIO_PEARL] | J1: [K_EMPLEADO_PEARL] | K1: [C_USUARIO_PEARL] | L1: [L_USUARIO_PEARL] | M1: [L_BORRADO] | O1: EXECUTE [dbo].[ | P1: PG_CI_USUARIO_PEARL | Q1: ] | R1: =CONCATENATE($O$1,$P$1,$Q$1, B3, ", ", ) -> EXECUTE [dbo].[PG_CI_USUARIO_PEARL] 139,
B2: - | C2: - | D2: - | E2: - | F2: - | G2: - | H2: - | L2: - | M2: - | O2: ="-- ==========================================================" -> -- ==========================================================
B3: 139 | C3: 41 | D3: RAFAELF | E3: killer | F3: RAFAELF@PEARLLEATHER.COM.MX | G3: 7 | H3: 30 | I3: RED PLANET.ISL | J3: 6142 | L3: 1 | M3: 0 | O3: =CONCATENATE(CI_!$R$1,C3,", '",D3,"', '",E3,"' , '",F3,"' , ",G3,",",H3,",'",I3,"',",J3,",'",K3,"',",L3,",",M3) -> EXECUTE [dbo].[PG_CI_USUARIO_PEARL] 139, 41, 'RAFAELF', 'killer' , 'RAFAELF@PEARLLEATHER.COM.MX' , 7,30,'RED PLANET.ISL',6142,'',1,0
B4: 139 | C4: 42 | D4: OMARD | E4: 12340 | F4: OMARD@PEARLLEATHER.COM.MX | G4: 12 | H4: 20 | I4: RED PLANET.ISL | J4: 181 | L4: 1 | M4: 0 | O4: =CONCATENATE(CI_!$R$1,C4,", '",D4,"', '",E4,"' , '",F4,"' , ",G4,",",H4,",'",I4,"',",J4,",'",K4,"',",L4,",",M4) -> EXECUTE [dbo].[PG_CI_USUARIO_PEARL] 139, 42, 'OMARD', '12340' , 'OMARD@PEARLLEATHER.COM.MX' , 12,20,'RED PLANET.ISL',181,'',1,0
B5: 139 | C5: 43 | D5: JORGEH | E5: jorgeh | F5: JORGEH@PEARLLEATHER.COM.MX | G5: 9 | H5: 50 | I5: FLAT NATURE.ISL | J5: 52 | L5: 1 | M5: 0 | O5: =CONCATENATE(CI_!$R$1,C5,", '",D5,"', '",E5,"' , '",F5,"' , ",G5,",",H5,",'",I5,"',",J5,",'",K5,"',",L5,",",M5) -> EXECUTE [dbo].[PG_CI_USUARIO_PEARL] 139, 43, 'JORGEH', 'jorgeh' , 'JORGEH@PEARLLEATHER.COM.MX' , 9,50,'FLAT NATURE.ISL',52,'',1,0
B6: 139 | C6: 44 | D6: GUILLERMOM | E6: nicole | F6: GUILLERMOM@PEARLLEATHER.COM.MX | G6: 6 | H6: 40 | I6: FLAT NATURE.ISL | J6: 22 | L6: 1 | M6: 0 | O6: =CONCATENATE(CI_!$R$1,C6,", '",D6,"', '",E6,"' , '",F6,"' , ",G6,",",H6,",'",I6,"',",J6,",'",K6,"',",L6,",",M6) -> EXECUTE [dbo].[PG_CI_USUARIO_PEARL] 139, 44, 'GUILLERMOM', 'nicole' , 'GUILLERMOM@PEARLLEATHER.COM.MX' , 6,40,'FLAT NATURE.ISL',22,'',1,0
B7: 139 | C7: 45 | D7: PEDROV | E7: Saver10* | F7: PEDROV@PEARLLEATHER.COM.MX | G7: 3 | H7: 40 | I7: RED PLANET.ISL | J7: 999 | L7: 1 | M7: 0 | O7: =CONCATENATE(CI_!$R$1,C7,", '",D7,"', '",E7,"' , '",F7,"' , ",G7,",",H7,",'",I7,"',",J7,",'",K7,"',",L7,",",M7) -> EXECUTE [dbo].[PG_CI_USUARIO_PEARL] 139, 45, 'PEDROV', 'Saver10*' , 'PEDROV@PEARLLEATHER.COM.MX' , 3,40,'RED PLANET.ISL',999,'',1,0
B8: 139 | C8: 47 | D8: MIGUELC | E8: Dalica9905 | F8: MIGUELC@PEARLLEATHER.COM.MX | G8: 4 | H8: 20 | I8: FLAT NATURE.ISL | J8: 1299 | L8: 1 | M8: 0 | O8: =CONCATENATE(CI_!$R$1,C8,", '",D8,"', '",E8,"' , '",F8,"' , ",G8,",",H8,",'",I8,"',",J8,",'",K8,"',",L8,",",M8) -> EXECUTE [dbo].[PG_CI_USUARIO_PEARL] 139, 47, 'MIGUELC', 'Dalica9905' , 'MIGUELC@PEARLLEATHER.COM.MX' , 4,20,'FLAT NATURE.ISL',1299,'',1,0
B9: 139 | C9: 48 | D9: IVAND | E9: 5623 | F9: IVAND@PEARLLEATHER.COM.MX | G9: 4 | H9: 30 | I9: IG STYLE.ISL | J9: 2091 | L9: 1 | M9: 0 | O9: =CONCATENATE(CI_!$R$1,C9,", '",D9,"', '",E9,"' , '",F9,"' , ",G9,",",H9,",'",I9,"',",J9,",'",K9,"',",L9,",",M9) -> EXECUTE [dbo].[PG_CI_USUARIO_PEARL] 139, 48, 'IVAND', '5623' , 'IVAND@PEARLLEATHER.COM.MX' , 4,30,'IG STYLE.ISL',2091,'',1,0
B10: 139 | C10: 49 | D10: OSCART | E10: 7890 | F10: OSCART@PEARLLEATHER.COM.MX | G10: 2 | H10: 30 | I10: NATILUS.ISL | J10: 10901 | L10: 1 | M10: 0 | O10: =CONCATENATE(CI_!$R$1,C10,", '",D10,"', '",E10,"' , '",F10,"' , ",G10,",",H10,",'",I10,"',",J10,",'",K10,"',",L10,",",M10) -> EXECUTE [dbo].[PG_CI_USUARIO_PEARL] 139, 49, 'OSCART', '7890' , 'OSCART@PEARLLEATHER.COM.MX' , 2,30,'NATILUS.ISL',10901,'',1,0
B11: 139 | C11: 51 | D11: RECIBO1 | E11: 12345 | F11: PEDROA@PEARLLEATHER.COM.MX | H11: 30 | I11: IG STYLE.ISL | J11: 0 | K11: recibo | L11: 1 | M11: 0 | O11: =CONCATENATE(CI_!$R$1,C11,", '",D11,"', '",E11,"' , '",F11,"' , ",G11,",",H11,",'",I11,"',",J11,",'",K11,"',",L11,",",M11) -> EXECUTE [dbo].[PG_CI_USUARIO_PEARL] 139, 51, 'RECIBO1', '12345' , 'PEDROA@PEARLLEATHER.COM.MX' , ,30,'IG STYLE.ISL',0,'recibo',1,0
B12: 139 | C12: 52 | D12: RECIBO2 | E12: 12340 | F12: PEDROA@PEARLLEATHER.COM.MX | H12: 30 | I12: THE BLUES.ISL | J12: 0 | K12: recibo | L12: 1 | M12: 0 | O12: =CONCATENATE(CI_!$R$1,C12,", '",D12,"', '",E12,"' , '",F12,"' , ",G12,",",H12,",'",I12,"',",J12,",'",K12,"',",L12,",",M12) -> EXECUTE [dbo].[PG_CI_USUARIO_PEARL] 139, 52, 'RECIBO2', '12340' , 'PEDROA@PEARLLEATHER.COM.MX' , ,30,'THE BLUES.ISL',0,'recibo',1,0
B13: 139 | C13: 54 | D13: GILBERTOV | E13: Alexander1 | F13: GILBERTOV@PEARLLEATHER.COM.MX | G13: 1 | H13: 40 | I13: RED PLANET.ISL | J13: 6898 | L13: 1 | M13: 0 | O13: =CONCATENATE(CI_!$R$1,C13,", '",D13,"', '",E13,"' , '",F13,"' , ",G13,",",H13,",'",I13,"',",J13,",'",K13,"',",L13,",",M13) -> EXECUTE [dbo].[PG_CI_USUARIO_PEARL] 139, 54, 'GILBERTOV', 'Alexander1' , 'GILBERTOV@PEARLLEATHER.COM.MX' , 1,40,'RED PLANET.ISL',6898,'',1,0
B14: 139 | C14: 56 | D14: MANUELG | E14: Mangar83 | F14: MANUELG@PEARLLEATHER.COM.MX | G14: 3 | H14: 50 | I14: FLAT NATURE.ISL | J14: 4475 | L14: 1 | M14: 0 | O14: =CONCATENATE(CI_!$R$1,C14,", '",D14,"', '",E14,"' , '",F14,"' , ",G14,",",H14,",'",I14,"',",J14,",'",K14,"',",L14,",",M14) -> EXECUTE [dbo].[PG_CI_USUARIO_PEARL] 139, 56, 'MANUELG', 'Mangar83' , 'MANUELG@PEARLLEATHER.COM.MX' , 3,50,'FLAT NATURE.ISL',4475,'',1,0
B15: 139 | C15: 57 | D15: FABIOLAG | E15: fabiola | F15: FABIOLAG@PEARLLEATHER.COM.MX | G15: 8 | H15: 30 | I15: FLAT NATURE.ISL | J15: 7658 | L15: 1 | M15: 0 | O15: =CONCATENATE(CI_!$R$1,C15,", '",D15,"', '",E15,"' , '",F15,"' , ",G15,",",H15,",'",I15,"',",J15,",'",K15,"',",L15,",",M15) -> EXECUTE [dbo].[PG_CI_USUARIO_PEARL] 139, 57, 'FABIOLAG', 'fabiola' , 'FABIOLAG@PEARLLEATHER.COM.MX' , 8,30,'FLAT NATURE.ISL',7658,'',1,0
B16: 139 | C16: 58 | D16: DIANAS | E16: 1604 | F16: @PEARLLEATHER.COM.MX | G16: 3 | H16: 30 | I16: FLAT NATURE.ISL | J16: 10151 | L16: 1 | M16: 0 | O16: =CONCATENATE(CI_!$R$1,C16,", '",D16,"', '",E16,"' , '",F16,"' , ",G16,",",H16,",'",I16,"',",J16,",'",K16,"',",L16,",",M16) -> EXECUTE [dbo].[PG_CI_USUARIO_PEARL] 139, 58, 'DIANAS', '1604' , '@PEARLLEATHER.COM.MX' , 3,30,'FLAT NATURE.ISL',10151,'',1,0
B17: 139 | C17: 59 | D17: ALEJANDROP | E17: alex | F17: EMBARQUES1@PEARLLEATHER.COM.MX | G17: 3 | H17: 30 | I17: FLAT NATURE.ISL | J17: 6176 | L17: 1 | M17: 0 | O17: =CONCATENATE(CI_!$R$1,C17,", '",D17,"', '",E17,"' , '",F17,"' , ",G17,",",H17,",'",I17,"',",J17,",'",K17,"',",L17,",",M17) -> EXECUTE [dbo].[PG_CI_USUARIO_PEARL] 139, 59, 'ALEJANDROP', 'alex' , 'EMBARQUES1@PEARLLEATHER.COM.MX' , 3,30,'FLAT NATURE.ISL',6176,'',1,0
B18: 139 | C18: 60 | D18: ADRIANAD | E18: adriana | F18: ADRIANAD@PEARLLEATHER.COM.MX | G18: 8 | H18: 30 | I18: FLAT NATURE.ISL | J18: 67 | L18: 1 | M18: 0 | O18: =CONCATENATE(CI_!$R$1,C18,", '",D18,"', '",E18,"' , '",F18,"' , ",G18,",",H18,",'",I18,"',",J18,",'",K18,"',",L18,",",M18) -> EXECUTE [dbo].[PG_CI_USUARIO_PEARL] 139, 60, 'ADRIANAD', 'adriana' , 'ADRIANAD@PEARLLEATHER.COM.MX' , 8,30,'FLAT NATURE.ISL',67,'',1,0
B19: 139 | C19: 62 | D19: PATRICIAC | E19: mebi1625 | F19: PATRICIAC@PEARLLEATHER.COM.MX | G19: 1 | H19: 30 | I19: FLAT NATURE.ISL | J19: 7945 | L19: 1 | M19: 0 | O19: =CONCATENATE(CI_!$R$1,C19,", '",D19,"', '",E19,"' , '",F19,"' , ",G19,",",H19,",'",I19,"',",J19,",'",K19,"',",L19,",",M19) -> EXECUTE [dbo].[PG_CI_USUARIO_PEARL] 139, 62, 'PATRICIAC', 'mebi1625' , 'PATRICIAC@PEARLLEATHER.COM.MX' , 1,30,'FLAT NATURE.ISL',7945,'',1,0
B20: 139 | C20: 63 | D20: LUISP | E20: luis | F20: LUISP@PEARLLEATHER.COM.MX | H20: 40 | I20: IG STYLE.ISL | J20: 0 | K20: luis perez | L20: 1 | M20: 1 | O20: =CONCATENATE(CI_!$R$1,C20,", '",D20,"', '",E20,"' , '",F20,"' , ",G20,",",H20,",'",I20,"',",J20,",'",K20,"',",L20,",",M20) -> EXECUTE [dbo].[PG_CI_USUARIO_PEARL] 139, 63, 'LUISP', 'luis' , 'LUISP@PEARLLEATHER.COM.MX' , ,40,'IG STYLE.ISL',0,'luis perez',1,1
B21: 139 | C21: 64 | D21: LEONORH | E21: 12340 | F21: LEONORH@PEARLLEATHER.COM.MX | G21: 2 | H21: 30 | I21: RED PLANET.ISL | J21: 7549 | L21: 1 | M21: 0 | O21: =CONCATENATE(CI_!$R$1,C21,", '",D21,"', '",E21,"' , '",F21,"' , ",G21,",",H21,",'",I21,"',",J21,",'",K21,"',",L21,",",M21) -> EXECUTE [dbo].[PG_CI_USUARIO_PEARL] 139, 64, 'LEONORH', '12340' , 'LEONORH@PEARLLEATHER.COM.MX' , 2,30,'RED PLANET.ISL',7549,'',1,0
B22: 139 | C22: 66 | D22: KARENE | E22: 200816 | F22: RECIBO@PEARLLEATHER.COM.MX | G22: 3 | H22: 30 | I22: RED PLANET.ISL | J22: 10382 | L22: 1 | M22: 0 | O22: =CONCATENATE(CI_!$R$1,C22,", '",D22,"', '",E22,"' , '",F22,"' , ",G22,",",H22,",'",I22,"',",J22,",'",K22,"',",L22,",",M22) -> EXECUTE [dbo].[PG_CI_USUARIO_PEARL] 139, 66, 'KARENE', '200816' , 'RECIBO@PEARLLEATHER.COM.MX' , 3,30,'RED PLANET.ISL',10382,'',1,0
B23: 139 | C23: 67 | D23: GASPARH | E23: 12345 | F23: GASPARH@PEARLLEATHER.COM.MX | G23: 2 | H23: 30 | I23: THE BLUES.ISL | J23: 5628 | L23: 1 | M23: 0 | O23: =CONCATENATE(CI_!$R$1,C23,", '",D23,"', '",E23,"' , '",F23,"' , ",G23,",",H23,",'",I23,"',",J23,",'",K23,"',",L23,",",M23) -> EXECUTE [dbo].[PG_CI_USUARIO_PEARL] 139, 67, 'GASPARH', '12345' , 'GASPARH@PEARLLEATHER.COM.MX' , 2,30,'THE BLUES.ISL',5628,'',1,0
B24: 139 | C24: 68 | D24: ARMIDAH | E24: 2878 | F24: ARMIDAH@PEARLLEATHER.COM.MX | G24: 2 | H24: 30 | I24: FLAT NATURE.ISL | J24: 7041 | L24: 1 | M24: 0 | O24: =CONCATENATE(CI_!$R$1,C24,", '",D24,"', '",E24,"' , '",F24,"' , ",G24,",",H24,",'",I24,"',",J24,",'",K24,"',",L24,",",M24) -> EXECUTE [dbo].[PG_CI_USUARIO_PEARL] 139, 68, 'ARMIDAH', '2878' , 'ARMIDAH@PEARLLEATHER.COM.MX' , 2,30,'FLAT NATURE.ISL',7041,'',1,0
B25: 139 | C25: 69 | D25: MARIAS | E25: 12345 | F25: MARIAS@PEARLLEATHER.COM.MX | G25: 8 | H25: 30 | I25: FLAT NATURE.ISL | J25: 4158 | L25: 1 | M25: 0 | O25: =CONCATENATE(CI_!$R$1,C25,", '",D25,"', '",E25,"' , '",F25,"' , ",G25,",",H25,",'",I25,"',",J25,",'",K25,"',",L25,",",M25) -> EXECUTE [dbo].[PG_CI_USUARIO_PEARL] 139, 69, 'MARIAS', '12345' , 'MARIAS@PEARLLEATHER.COM.MX' , 8,30,'FLAT NATURE.ISL',4158,'',1,0
B26: 139 | C26: 70 | D26: FERNANDOG | E26: ferny | F26: FERNANDOG@PEARLLEATHER.COM.MX | G26: 3 | H26: 40 | I26: RED PLANET.ISL | J26: 8464 | L26: 1 | M26: 0 | O26: =CONCATENATE(CI_!$R$1,C26,", '",D26,"', '",E26,"' , '",F26,"' , ",G26,",",H26,",'",I26,"',",J26,",'",K26,"',",L26,",",M26) -> EXECUTE [dbo].[PG_CI_USUARIO_PEARL] 139, 70, 'FERNANDOG', 'ferny' , 'FERNANDOG@PEARLLEATHER.COM.MX' , 3,40,'RED PLANET.ISL',8464,'',1,0
B27: 139 | C27: 71 | D27: NAVIDR | E27: kgi01! | F27: NAVID@RACHMANTECH.COM | H27: 30 | I27: FLAT NATURE.ISL | J27: 0 | K27: magna | L27: 1 | M27: 1 | O27: =CONCATENATE(CI_!$R$1,C27,", '",D27,"', '",E27,"' , '",F27,"' , ",G27,",",H27,",'",I27,"',",J27,",'",K27,"',",L27,",",M27) -> EXECUTE [dbo].[PG_CI_USUARIO_PEARL] 139, 71, 'NAVIDR', 'kgi01!' , 'NAVID@RACHMANTECH.COM' , ,30,'FLAT NATURE.ISL',0,'magna',1,1
B28: 139 | C28: 72 | D28: ROXANAL | E28: 123789 | F28: @PEARLLEATHER.COM.MX | G28: 4 | H28: 40 | I28: THE BLUES.ISL | J28: 11879 | L28: 1 | M28: 0 | O28: =CONCATENATE(CI_!$R$1,C28,", '",D28,"', '",E28,"' , '",F28,"' , ",G28,",",H28,",'",I28,"',",J28,",'",K28,"',",L28,",",M28) -> EXECUTE [dbo].[PG_CI_USUARIO_PEARL] 139, 72, 'ROXANAL', '123789' , '@PEARLLEATHER.COM.MX' , 4,40,'THE BLUES.ISL',11879,'',1,0
B29: 139 | C29: 73 | D29: YAMILEXQ | E29: 1234 | F29: YAMILEXQ@PEARLLEATHER.COM.MX | H29: 30 | I29: FLAT NATURE.ISL | J29: 0 | K29: yamilex | L29: 1 | M29: 1 | O29: =CONCATENATE(CI_!$R$1,C29,", '",D29,"', '",E29,"' , '",F29,"' , ",G29,",",H29,",'",I29,"',",J29,",'",K29,"',",L29,",",M29) -> EXECUTE [dbo].[PG_CI_USUARIO_PEARL] 139, 73, 'YAMILEXQ', '1234' , 'YAMILEXQ@PEARLLEATHER.COM.MX' , ,30,'FLAT NATURE.ISL',0,'yamilex',1,1
B30: 139 | C30: 75 | D30: KARENA | E30: 102 | F30: KARENA@PEARLLEATHER.COM.MX | G30: 4 | H30: 30 | I30: NOIR MODERNE.ISL | J30: 12769 | L30: 1 | M30: 0 | O30: =CONCATENATE(CI_!$R$1,C30,", '",D30,"', '",E30,"' , '",F30,"' , ",G30,",",H30,",'",I30,"',",J30,",'",K30,"',",L30,",",M30) -> EXECUTE [dbo].[PG_CI_USUARIO_PEARL] 139, 75, 'KARENA', '102' , 'KARENA@PEARLLEATHER.COM.MX' , 4,30,'NOIR MODERNE.ISL',12769,'',1,0
B31: 139 | C31: 77 | D31: GENAROH | E31: 12345 | F31: EMBARQUES1@PEARLLEATHER.COM.MX | G31: 3 | H31: 30 | I31: FLAT NATURE.ISL | J31: 4880 | L31: 1 | M31: 0 | O31: =CONCATENATE(CI_!$R$1,C31,", '",D31,"', '",E31,"' , '",F31,"' , ",G31,",",H31,",'",I31,"',",J31,",'",K31,"',",L31,",",M31) -> EXECUTE [dbo].[PG_CI_USUARIO_PEARL] 139, 77, 'GENAROH', '12345' , 'EMBARQUES1@PEARLLEATHER.COM.MX' , 3,30,'FLAT NATURE.ISL',4880,'',1,0
B32: 139 | C32: 82 | D32: DANAC | E32: 2697 | F32: CERTI@PEARLLEATHER.COM.MX | G32: 4 | H32: 30 | I32: FLAT NATURE.ISL | J32: 10054 | L32: 1 | M32: 0 | O32: =CONCATENATE(CI_!$R$1,C32,", '",D32,"', '",E32,"' , '",F32,"' , ",G32,",",H32,",'",I32,"',",J32,",'",K32,"',",L32,",",M32) -> EXECUTE [dbo].[PG_CI_USUARIO_PEARL] 139, 82, 'DANAC', '2697' , 'CERTI@PEARLLEATHER.COM.MX' , 4,30,'FLAT NATURE.ISL',10054,'',1,0
B33: 139 | C33: 83 | D33: MARIANAC | E33: 1986 | F33: CERTI@PEARLLEATHER.COM.MX | H33: 30 | I33: RED PLANET.ISL | J33: 0 | K33: mariana castro | L33: 1 | M33: 1 | O33: =CONCATENATE(CI_!$R$1,C33,", '",D33,"', '",E33,"' , '",F33,"' , ",G33,",",H33,",'",I33,"',",J33,",'",K33,"',",L33,",",M33) -> EXECUTE [dbo].[PG_CI_USUARIO_PEARL] 139, 83, 'MARIANAC', '1986' , 'CERTI@PEARLLEATHER.COM.MX' , ,30,'RED PLANET.ISL',0,'mariana castro',1,1
B34: 139 | C34: 86 | D34: JORGEO | E34: calidad.30 | F34: JOLEGARIO@PEARLLEATHER.COM.MX | G34: 4 | H34: 30 | I34: FLAT NATURE.ISL | J34: 3589 | L34: 1 | M34: 0 | O34: =CONCATENATE(CI_!$R$1,C34,", '",D34,"', '",E34,"' , '",F34,"' , ",G34,",",H34,",'",I34,"',",J34,",'",K34,"',",L34,",",M34) -> EXECUTE [dbo].[PG_CI_USUARIO_PEARL] 139, 86, 'JORGEO', 'calidad.30' , 'JOLEGARIO@PEARLLEATHER.COM.MX' , 4,30,'FLAT NATURE.ISL',3589,'',1,0
B35: 139 | C35: 87 | D35: DIANAN | E35: Facturas1 | F35: RECIBO@PEARLLEATHER.COM.MX | G35: 3 | H35: 40 | I35: RED PLANET.ISL | J35: 10221 | L35: 1 | M35: 0 | O35: =CONCATENATE(CI_!$R$1,C35,", '",D35,"', '",E35,"' , '",F35,"' , ",G35,",",H35,",'",I35,"',",J35,",'",K35,"',",L35,",",M35) -> EXECUTE [dbo].[PG_CI_USUARIO_PEARL] 139, 87, 'DIANAN', 'Facturas1' , 'RECIBO@PEARLLEATHER.COM.MX' , 3,40,'RED PLANET.ISL',10221,'',1,0
B36: 139 | C36: 88 | D36: SISTEMAS | E36: m@ster++ | F36: SISTEMAS@PEARLLEATHER.COM.MX | H36: 30 | I36: RED PLANET.ISL | J36: 0 | K36: sistemas | L36: 1 | M36: 0 | O36: =CONCATENATE(CI_!$R$1,C36,", '",D36,"', '",E36,"' , '",F36,"' , ",G36,",",H36,",'",I36,"',",J36,",'",K36,"',",L36,",",M36) -> EXECUTE [dbo].[PG_CI_USUARIO_PEARL] 139, 88, 'SISTEMAS', 'm@ster++' , 'SISTEMAS@PEARLLEATHER.COM.MX' , ,30,'RED PLANET.ISL',0,'sistemas',1,0
B37: 139 | C37: 89 | D37: VIVIANAC | E37: 123450 | F37: VIVIANC@PEARLLEATHER.COM.MX | G37: 4 | H37: 30 | I37: FLAT NATURE.ISL | J37: 8242 | L37: 1 | M37: 0 | O37: =CONCATENATE(CI_!$R$1,C37,", '",D37,"', '",E37,"' , '",F37,"' , ",G37,",",H37,",'",I37,"',",J37,",'",K37,"',",L37,",",M37) -> EXECUTE [dbo].[PG_CI_USUARIO_PEARL] 139, 89, 'VIVIANAC', '123450' , 'VIVIANC@PEARLLEATHER.COM.MX' , 4,30,'FLAT NATURE.ISL',8242,'',1,0
B38: 139 | C38: 90 | D38: TANIAC | E38: 1726 | F38: RECIBO@PEARLLEATHER.COM.MX | G38: 3 | H38: 30 | I38: BLACK STYLE.ISL | J38: 10209 | L38: 1 | M38: 0 | O38: =CONCATENATE(CI_!$R$1,C38,", '",D38,"', '",E38,"' , '",F38,"' , ",G38,",",H38,",'",I38,"',",J38,",'",K38,"',",L38,",",M38) -> EXECUTE [dbo].[PG_CI_USUARIO_PEARL] 139, 90, 'TANIAC', '1726' , 'RECIBO@PEARLLEATHER.COM.MX' , 3,30,'BLACK STYLE.ISL',10209,'',1,0
B39: 139 | C39: 92 | D39: JOSES | E39: jose48320031 | F39: JOSES@PEARLLEATHER.COM.MX | G39: 2 | H39: 30 | I39: IG STYLE.ISL | J39: 13253 | L39: 1 | M39: 0 | O39: =CONCATENATE(CI_!$R$1,C39,", '",D39,"', '",E39,"' , '",F39,"' , ",G39,",",H39,",'",I39,"',",J39,",'",K39,"',",L39,",",M39) -> EXECUTE [dbo].[PG_CI_USUARIO_PEARL] 139, 92, 'JOSES', 'jose48320031' , 'JOSES@PEARLLEATHER.COM.MX' , 2,30,'IG STYLE.ISL',13253,'',1,0
B40: 139 | C40: 93 | D40: MARIAR | E40: 12345 | F40: MARIAR@PEARLLEATHER.COM.MX | H40: 30 | I40: NATILUS.ISL | J40: 0 | K40: maria romo | L40: 1 | M40: 1 | O40: =CONCATENATE(CI_!$R$1,C40,", '",D40,"', '",E40,"' , '",F40,"' , ",G40,",",H40,",'",I40,"',",J40,",'",K40,"',",L40,",",M40) -> EXECUTE [dbo].[PG_CI_USUARIO_PEARL] 139, 93, 'MARIAR', '12345' , 'MARIAR@PEARLLEATHER.COM.MX' , ,30,'NATILUS.ISL',0,'maria romo',1,1
B41: 139 | C41: 94 | D41: FRANCISCOM | E41: cuarris987 | F41: @PEARLLEATHER.COM.MX | G41: 2 | H41: 30 | I41: IG STYLE.ISL | J41: 13189 | L41: 1 | M41: 0 | O41: =CONCATENATE(CI_!$R$1,C41,", '",D41,"', '",E41,"' , '",F41,"' , ",G41,",",H41,",'",I41,"',",J41,",'",K41,"',",L41,",",M41) -> EXECUTE [dbo].[PG_CI_USUARIO_PEARL] 139, 94, 'FRANCISCOM', 'cuarris987' , '@PEARLLEATHER.COM.MX' , 2,30,'IG STYLE.ISL',13189,'',1,0
B42: 139 | C42: 96 | D42: SANTOSR | E42: 12345 | F42: SANTOSR@PEARLLEATHER.COM.MX | G42: 2 | H42: 30 | I42: IG STYLE.ISL | J42: 13005 | L42: 1 | M42: 0 | O42: =CONCATENATE(CI_!$R$1,C42,", '",D42,"', '",E42,"' , '",F42,"' , ",G42,",",H42,",'",I42,"',",J42,",'",K42,"',",L42,",",M42) -> EXECUTE [dbo].[PG_CI_USUARIO_PEARL] 139, 96, 'SANTOSR', '12345' , 'SANTOSR@PEARLLEATHER.COM.MX' , 2,30,'IG STYLE.ISL',13005,'',1,0
B43: 139 | C43: 97 | D43: ELENAR | E43: 1234 | F43: ELENAR@PEARLLEATHER.COM.MX | H43: 30 | I43: IG STYLE.ISL | J43: 0 | K43: elena rodriguez | L43: 1 | M43: 1 | O43: =CONCATENATE(CI_!$R$1,C43,", '",D43,"', '",E43,"' , '",F43,"' , ",G43,",",H43,",'",I43,"',",J43,",'",K43,"',",L43,",",M43) -> EXECUTE [dbo].[PG_CI_USUARIO_PEARL] 139, 97, 'ELENAR', '1234' , 'ELENAR@PEARLLEATHER.COM.MX' , ,30,'IG STYLE.ISL',0,'elena rodriguez',1,1
B44: 139 | C44: 98 | D44: MONICAG | E44: 7410 | F44: RECIBO@PEARLLEATHER.COM.MX | G44: 3 | H44: 30 | I44: RED PLANET.ISL | J44: 10569 | L44: 1 | M44: 0 | O44: =CONCATENATE(CI_!$R$1,C44,", '",D44,"', '",E44,"' , '",F44,"' , ",G44,",",H44,",'",I44,"',",J44,",'",K44,"',",L44,",",M44) -> EXECUTE [dbo].[PG_CI_USUARIO_PEARL] 139, 98, 'MONICAG', '7410' , 'RECIBO@PEARLLEATHER.COM.MX' , 3,30,'RED PLANET.ISL',10569,'',1,0
B45: 139 | C45: 101 | D45: LEYVERR | E45: 193105 | F45: @PEARLLEATHER.COM.MX | H45: 30 | I45: RED PLANET.ISL | J45: 0 | K45: leyver roblero | L45: 1 | M45: 1 | O45: =CONCATENATE(CI_!$R$1,C45,", '",D45,"', '",E45,"' , '",F45,"' , ",G45,",",H45,",'",I45,"',",J45,",'",K45,"',",L45,",",M45) -> EXECUTE [dbo].[PG_CI_USUARIO_PEARL] 139, 101, 'LEYVERR', '193105' , '@PEARLLEATHER.COM.MX' , ,30,'RED PLANET.ISL',0,'leyver roblero',1,1
B46: 139 | C46: 102 | D46: EDGARA | E46: 12345 | F46: @PEARLLEATHER.COM.MX | G46: 4 | H46: 30 | I46: FLAT NATURE.ISL | J46: 10222 | L46: 1 | M46: 0 | O46: =CONCATENATE(CI_!$R$1,C46,", '",D46,"', '",E46,"' , '",F46,"' , ",G46,",",H46,",'",I46,"',",J46,",'",K46,"',",L46,",",M46) -> EXECUTE [dbo].[PG_CI_USUARIO_PEARL] 139, 102, 'EDGARA', '12345' , '@PEARLLEATHER.COM.MX' , 4,30,'FLAT NATURE.ISL',10222,'',1,0
B47: 139 | C47: 103 | D47: SUPERVISOR | E47: super10 | F47: XX@PEARLLEATHER.COM.MX | H47: 30 | I47: FLAT NATURE.ISL | J47: 0 | K47: supervisor | L47: 1 | M47: 0 | O47: =CONCATENATE(CI_!$R$1,C47,", '",D47,"', '",E47,"' , '",F47,"' , ",G47,",",H47,",'",I47,"',",J47,",'",K47,"',",L47,",",M47) -> EXECUTE [dbo].[PG_CI_USUARIO_PEARL] 139, 103, 'SUPERVISOR', 'super10' , 'XX@PEARLLEATHER.COM.MX' , ,30,'FLAT NATURE.ISL',0,'supervisor',1,0
B48: 139 | C48: 108 | D48: VICTORC | E48: Password1 | F48: VICTORC@PEARLLEATHER.COM.MX | G48: 12 | H48: 30 | I48: FLAT NATURE.ISL | J48: 5913 | L48: 1 | M48: 0 | O48: =CONCATENATE(CI_!$R$1,C48,", '",D48,"', '",E48,"' , '",F48,"' , ",G48,",",H48,",'",I48,"',",J48,",'",K48,"',",L48,",",M48) -> EXECUTE [dbo].[PG_CI_USUARIO_PEARL] 139, 108, 'VICTORC', 'Password1' , 'VICTORC@PEARLLEATHER.COM.MX' , 12,30,'FLAT NATURE.ISL',5913,'',1,0
B49: 139 | C49: 109 | D49: ASIFUENTES | E49: 1234 | F49: ALBERTOS@PEARLLEATHER.COM.MX | G49: 5 | H49: 30 | I49: RED PLANET.ISL | J49: 11258 | L49: 1 | M49: 0 | O49: =CONCATENATE(CI_!$R$1,C49,", '",D49,"', '",E49,"' , '",F49,"' , ",G49,",",H49,",'",I49,"',",J49,",'",K49,"',",L49,",",M49) -> EXECUTE [dbo].[PG_CI_USUARIO_PEARL] 139, 109, 'ASIFUENTES', '1234' , 'ALBERTOS@PEARLLEATHER.COM.MX' , 5,30,'RED PLANET.ISL',11258,'',1,0
B50: 139 | C50: 110 | D50: FRAYJ | E50: 1234 | F50: FRAYJ@PEARLLEATHER.COM.MX | H50: 30 | I50: THE BLUES.ISL | J50: 0 | K50: fray jimenez | L50: 1 | M50: 1 | O50: =CONCATENATE(CI_!$R$1,C50,", '",D50,"', '",E50,"' , '",F50,"' , ",G50,",",H50,",'",I50,"',",J50,",'",K50,"',",L50,",",M50) -> EXECUTE [dbo].[PG_CI_USUARIO_PEARL] 139, 110, 'FRAYJ', '1234' , 'FRAYJ@PEARLLEATHER.COM.MX' , ,30,'THE BLUES.ISL',0,'fray jimenez',1,1
B51: 139 | C51: 111 | D51: ADRIANAI | E51: 12345 | F51: ADRIANAI@PEARLLEATHER.COM.MX | G51: 4 | H51: 30 | I51: NATILUS.ISL | J51: 11476 | L51: 1 | M51: 0 | O51: =CONCATENATE(CI_!$R$1,C51,", '",D51,"', '",E51,"' , '",F51,"' , ",G51,",",H51,",'",I51,"',",J51,",'",K51,"',",L51,",",M51) -> EXECUTE [dbo].[PG_CI_USUARIO_PEARL] 139, 111, 'ADRIANAI', '12345' , 'ADRIANAI@PEARLLEATHER.COM.MX' , 4,30,'NATILUS.ISL',11476,'',1,0
B52: 139 | C52: 112 | D52: ALMAZ | E52: 123 | F52: @PEARLLEATHER.COM.MX | H52: 30 | I52: MISTIC BROWN.ISL | J52: 0 | K52: alma zuniga | L52: 1 | M52: 1 | O52: =CONCATENATE(CI_!$R$1,C52,", '",D52,"', '",E52,"' , '",F52,"' , ",G52,",",H52,",'",I52,"',",J52,",'",K52,"',",L52,",",M52) -> EXECUTE [dbo].[PG_CI_USUARIO_PEARL] 139, 112, 'ALMAZ', '123' , '@PEARLLEATHER.COM.MX' , ,30,'MISTIC BROWN.ISL',0,'alma zuniga',1,1
B53: 139 | C53: 113 | D53: ERNESTOG | E53: *eder0607 | F53: ERNESTOG@PEARLLEATHER.COM.MX | H53: 50 | I53: BLACK.ISL | J53: 0 | K53: ernesto gaytan | L53: 1 | M53: 1 | O53: =CONCATENATE(CI_!$R$1,C53,", '",D53,"', '",E53,"' , '",F53,"' , ",G53,",",H53,",'",I53,"',",J53,",'",K53,"',",L53,",",M53) -> EXECUTE [dbo].[PG_CI_USUARIO_PEARL] 139, 113, 'ERNESTOG', '*eder0607' , 'ERNESTOG@PEARLLEATHER.COM.MX' , ,50,'BLACK.ISL',0,'ernesto gaytan',1,1
B54: 139 | C54: 114 | D54: JOSUEC | E54: Password1 | F54: JOSUEC@PEARLLEATHER.COM.MX | H54: 40 | I54: NOIR MODERNE.ISL | J54: 0 | K54: josue chavez | L54: 1 | M54: 1 | O54: =CONCATENATE(CI_!$R$1,C54,", '",D54,"', '",E54,"' , '",F54,"' , ",G54,",",H54,",'",I54,"',",J54,",'",K54,"',",L54,",",M54) -> EXECUTE [dbo].[PG_CI_USUARIO_PEARL] 139, 114, 'JOSUEC', 'Password1' , 'JOSUEC@PEARLLEATHER.COM.MX' , ,40,'NOIR MODERNE.ISL',0,'josue chavez',1,1
B55: 139 | C55: 115 | D55: SONIAO | E55: 12340 | F55: SONIAO@PEARLLEATHER.COM.MX | G55: 1 | H55: 30 | I55: FLAT NATURE.ISL | J55: 515 | L55: 1 | M55: 0 | O55: =CONCATENATE(CI_!$R$1,C55,", '",D55,"', '",E55,"' , '",F55,"' , ",G55,",",H55,",'",I55,"',",J55,",'",K55,"',",L55,",",M55) -> EXECUTE [dbo].[PG_CI_USUARIO_PEARL] 139, 115, 'SONIAO', '12340' , 'SONIAO@PEARLLEATHER.COM.MX' , 1,30,'FLAT NATURE.ISL',515,'',1,0
B56: 139 | C56: 116 | D56: PERLAH | E56: Password1 | F56: @PEARLLEATHER.COM.MX | G56: 4 | H56: 30 | I56: IG STYLE.ISL | J56: 11834 | L56: 1 | M56: 0 | O56: =CONCATENATE(CI_!$R$1,C56,", '",D56,"', '",E56,"' , '",F56,"' , ",G56,",",H56,",'",I56,"',",J56,",'",K56,"',",L56,",",M56) -> EXECUTE [dbo].[PG_CI_USUARIO_PEARL] 139, 116, 'PERLAH', 'Password1' , '@PEARLLEATHER.COM.MX' , 4,30,'IG STYLE.ISL',11834,'',1,0
B57: 139 | C57: 120 | D57: ALFREDOA | E57: saiddamian | F57: @PEARLLEATHER.COM.MX | G57: 3 | H57: 30 | I57: NOIR MODERNE.ISL | J57: 11716 | L57: 1 | M57: 0 | O57: =CONCATENATE(CI_!$R$1,C57,", '",D57,"', '",E57,"' , '",F57,"' , ",G57,",",H57,",'",I57,"',",J57,",'",K57,"',",L57,",",M57) -> EXECUTE [dbo].[PG_CI_USUARIO_PEARL] 139, 120, 'ALFREDOA', 'saiddamian' , '@PEARLLEATHER.COM.MX' , 3,30,'NOIR MODERNE.ISL',11716,'',1,0
B58: 139 | C58: 121 | D58: LUZM | E58: 12340 | F58: LUZM@PEARLLEATHER.COM.MX | G58: 1 | H58: 30 | I58: FLAT NATURE.ISL | J58: 7283 | L58: 1 | M58: 0 | O58: =CONCATENATE(CI_!$R$1,C58,", '",D58,"', '",E58,"' , '",F58,"' , ",G58,",",H58,",'",I58,"',",J58,",'",K58,"',",L58,",",M58) -> EXECUTE [dbo].[PG_CI_USUARIO_PEARL] 139, 121, 'LUZM', '12340' , 'LUZM@PEARLLEATHER.COM.MX' , 1,30,'FLAT NATURE.ISL',7283,'',1,0
B59: 139 | C59: 122 | D59: JESUSR | E59: 12340 | F59: JESUSR@PEARLLEATHER.COM.MX | H59: 30 | I59: RED PLANET.ISL | J59: 0 | K59: jesus rojero | L59: 1 | M59: 1 | O59: =CONCATENATE(CI_!$R$1,C59,", '",D59,"', '",E59,"' , '",F59,"' , ",G59,",",H59,",'",I59,"',",J59,",'",K59,"',",L59,",",M59) -> EXECUTE [dbo].[PG_CI_USUARIO_PEARL] 139, 122, 'JESUSR', '12340' , 'JESUSR@PEARLLEATHER.COM.MX' , ,30,'RED PLANET.ISL',0,'jesus rojero',1,1
B60: 139 | C60: 123 | D60: JORGEN | E60: 1234 | F60: ADRIANN@PEARLLEATHER.COM.MX | G60: 5 | H60: 30 | I60: RED PLANET.ISL | J60: 11524 | L60: 1 | M60: 0 | O60: =CONCATENATE(CI_!$R$1,C60,", '",D60,"', '",E60,"' , '",F60,"' , ",G60,",",H60,",'",I60,"',",J60,",'",K60,"',",L60,",",M60) -> EXECUTE [dbo].[PG_CI_USUARIO_PEARL] 139, 123, 'JORGEN', '1234' , 'ADRIANN@PEARLLEATHER.COM.MX' , 5,30,'RED PLANET.ISL',11524,'',1,0
B61: 139 | C61: 125 | D61: IRISE | E61: 12345 | F61: IRISE@PEARLLEATHER.COM.MX | G61: 1 | H61: 30 | I61: FLAT NATURE.ISL | J61: 8524 | L61: 1 | M61: 0 | O61: =CONCATENATE(CI_!$R$1,C61,", '",D61,"', '",E61,"' , '",F61,"' , ",G61,",",H61,",'",I61,"',",J61,",'",K61,"',",L61,",",M61) -> EXECUTE [dbo].[PG_CI_USUARIO_PEARL] 139, 125, 'IRISE', '12345' , 'IRISE@PEARLLEATHER.COM.MX' , 1,30,'FLAT NATURE.ISL',8524,'',1,0
B62: 139 | C62: 126 | D62: ANAHIG | E62: 12345 | F62: @PEARLLEATHER.COM.MX | H62: 30 | I62: NATILUS.ISL | J62: 0 | K62: anahi | L62: 1 | M62: 1 | O62: =CONCATENATE(CI_!$R$1,C62,", '",D62,"', '",E62,"' , '",F62,"' , ",G62,",",H62,",'",I62,"',",J62,",'",K62,"',",L62,",",M62) -> EXECUTE [dbo].[PG_CI_USUARIO_PEARL] 139, 126, 'ANAHIG', '12345' , '@PEARLLEATHER.COM.MX' , ,30,'NATILUS.ISL',0,'anahi',1,1
B63: 139 | C63: 129 | D63: MARIOS | E63: 12345 | F63: MARIOS@PEARLLEATHER.COM.MX | G63: 4 | H63: 30 | I63: RED PLANET.ISL | J63: 12483 | L63: 1 | M63: 0 | O63: =CONCATENATE(CI_!$R$1,C63,", '",D63,"', '",E63,"' , '",F63,"' , ",G63,",",H63,",'",I63,"',",J63,",'",K63,"',",L63,",",M63) -> EXECUTE [dbo].[PG_CI_USUARIO_PEARL] 139, 129, 'MARIOS', '12345' , 'MARIOS@PEARLLEATHER.COM.MX' , 4,30,'RED PLANET.ISL',12483,'',1,0
B64: 139 | C64: 131 | D64: JESUST | E64: Password1 | F64: @PEARLLEATHER.COM.MX | G64: 3 | H64: 30 | I64: FLAT NATURE.ISL | J64: 3719 | L64: 1 | M64: 0 | O64: =CONCATENATE(CI_!$R$1,C64,", '",D64,"', '",E64,"' , '",F64,"' , ",G64,",",H64,",'",I64,"',",J64,",'",K64,"',",L64,",",M64) -> EXECUTE [dbo].[PG_CI_USUARIO_PEARL] 139, 131, 'JESUST', 'Password1' , '@PEARLLEATHER.COM.MX' , 3,30,'FLAT NATURE.ISL',3719,'',1,0
B65: 139 | C65: 132 | D65: TERESAJ | E65: 123456 | F65: @PEARLLEATHER.COM.MX | G65: 4 | H65: 30 | I65: FLAT NATURE.ISL | J65: 12662 | L65: 1 | M65: 0 | O65: =CONCATENATE(CI_!$R$1,C65,", '",D65,"', '",E65,"' , '",F65,"' , ",G65,",",H65,",'",I65,"',",J65,",'",K65,"',",L65,",",M65) -> EXECUTE [dbo].[PG_CI_USUARIO_PEARL] 139, 132, 'TERESAJ', '123456' , '@PEARLLEATHER.COM.MX' , 4,30,'FLAT NATURE.ISL',12662,'',1,0
B66: 139 | C66: 134 | D66: DANELIJ | E66: Password1 | F66: @PEARLLEATHER.COM.MX | G66: 4 | H66: 30 | I66: FLAT NATURE.ISL | J66: 12722 | L66: 1 | M66: 0 | O66: =CONCATENATE(CI_!$R$1,C66,", '",D66,"', '",E66,"' , '",F66,"' , ",G66,",",H66,",'",I66,"',",J66,",'",K66,"',",L66,",",M66) -> EXECUTE [dbo].[PG_CI_USUARIO_PEARL] 139, 134, 'DANELIJ', 'Password1' , '@PEARLLEATHER.COM.MX' , 4,30,'FLAT NATURE.ISL',12722,'',1,0
B67: 139 | C67: 135 | D67: ANAH | E67: Password1 | F67: @PEARLLEATHER.COM.MX | G67: 2 | H67: 30 | I67: BLACK.ISL | J67: 11943 | L67: 1 | M67: 0 | O67: =CONCATENATE(CI_!$R$1,C67,", '",D67,"', '",E67,"' , '",F67,"' , ",G67,",",H67,",'",I67,"',",J67,",'",K67,"',",L67,",",M67) -> EXECUTE [dbo].[PG_CI_USUARIO_PEARL] 139, 135, 'ANAH', 'Password1' , '@PEARLLEATHER.COM.MX' , 2,30,'BLACK.ISL',11943,'',1,0
B68: 139 | C68: 136 | D68: CRISTALV | E68: 1394 | F68: @PEARLLEATHER.COM.MX | G68: 3 | H68: 30 | I68: NOIR MODERNE.ISL | J68: 12844 | L68: 1 | M68: 0 | O68: =CONCATENATE(CI_!$R$1,C68,", '",D68,"', '",E68,"' , '",F68,"' , ",G68,",",H68,",'",I68,"',",J68,",'",K68,"',",L68,",",M68) -> EXECUTE [dbo].[PG_CI_USUARIO_PEARL] 139, 136, 'CRISTALV', '1394' , '@PEARLLEATHER.COM.MX' , 3,30,'NOIR MODERNE.ISL',12844,'',1,0
B69: 139 | C69: 137 | D69: JORGEG | E69: 1234 | F69: JORGEG@PEARLLEATHER.COM.MX | G69: 1 | H69: 30 | I69: FLAT NATURE.ISL | J69: 6897 | L69: 1 | M69: 0 | O69: =CONCATENATE(CI_!$R$1,C69,", '",D69,"', '",E69,"' , '",F69,"' , ",G69,",",H69,",'",I69,"',",J69,",'",K69,"',",L69,",",M69) -> EXECUTE [dbo].[PG_CI_USUARIO_PEARL] 139, 137, 'JORGEG', '1234' , 'JORGEG@PEARLLEATHER.COM.MX' , 1,30,'FLAT NATURE.ISL',6897,'',1,0
B70: 139 | C70: 138 | D70: RODOLFOC | E70: 247328 | F70: @PEARLLEATHER.COM.MX | G70: 12 | H70: 40 | I70: FLAT NATURE.ISL | J70: 9762 | L70: 1 | M70: 0 | O70: =CONCATENATE(CI_!$R$1,C70,", '",D70,"', '",E70,"' , '",F70,"' , ",G70,",",H70,",'",I70,"',",J70,",'",K70,"',",L70,",",M70) -> EXECUTE [dbo].[PG_CI_USUARIO_PEARL] 139, 138, 'RODOLFOC', '247328' , '@PEARLLEATHER.COM.MX' , 12,40,'FLAT NATURE.ISL',9762,'',1,0
B71: 139 | C71: 139 | D71: ALEJANDROD | E71: 11111111 | F71: ALEJANDROD@PEARLLEATHER.COM.MX | G71: 7 | H71: 30 | I71: BLACK.ISL | J71: 13164 | L71: 1 | M71: 0
B72: 139 | C72: 140 | D72: JORGEJ | E72: Password1 | F72: JORGEJ@PEARLLEATHER.COM.MX | G72: 4 | H72: 30 | I72: RED PLANET.ISL | J72: 8537 | L72: 1 | M72: 0
B73: 139 | C73: 141 | D73: GEOVANNIL | E73: Password1 | F73: @PEARLLEATHER.COM.MX | G73: 4 | H73: 30 | I73: FLAT NATURE.ISL | J73: 12602 | L73: 1 | M73: 0
B74: 139 | C74: 142 | D74: ALBAJ | E74: Password1 | F74: ALBAJ@PEARLLEATHER.COM.MX | G74: 4 | H74: 30 | I74: FLAT NATURE.ISL | J74: 13270 | L74: 1 | M74: 0
B75: 139 | C75: 143 | D75: EDUARDOP | E75: 80916 | F75: @PEARLLEATHER.COM.MX | H75: 30 | I75: NOIR MODERNE.ISL | J75: 0 | K75: eduardo p | L75: 1 | M75: 1
B76: 139 | C76: 144 | D76: FRANCISCOE | E76: Password1 | F76: FRANCISCOE@PEARLLEATHER.COM.MX | G76: 7 | H76: 30 | I76: FLAT NATURE.ISL | J76: 13367 | L76: 1 | M76: 0
B77: 139 | C77: 145 | D77: DULCEC | E77: Password1 | F77: DULCEC@PEARLLEATHER.COM.MX | G77: 2 | H77: 30 | I77: FLAT NATURE.ISL | J77: 12834 | L77: 1 | M77: 0
B78: 139 | C78: 146 | D78: JACKIEG | E78: Password1 | F78: JACKIE@PEARLLEATHER.COM.MX | G78: 2 | H78: 30 | I78: FLAT NATURE.ISL | J78: 13107 | L78: 1 | M78: 0

Sheet usuarios totales
A1: K_USUARIO_PEARL | B1: D_USUARIO_PEARL | C1: PASSWORD_USUARIO_PEARL | D1: CORREO_USUARIO_PEARL | E1: USUARIO_TIPO | F1: TEMA_USUARIO_PEARL | G1: K_EMPLEADO_PEARL | H1: C_USUARIO_PEARL | I1: L_USUARIO_PEARL
A2: 41 | B2: RAFAELF | C2: killer | D2: RAFAELF@PEARLLEATHER.COM.MX | E2: A1 | F2: RED PLANET.ISL | G2: 6142 | I2: 1
A3: 42 | B3: OMARD | C3: 12340 | D3: OMARD@PEARLLEATHER.COM.MX | E3: Q1 | F3: RED PLANET.ISL | G3: 181 | I3: 1
A4: 43 | B4: JORGEH | C4: jorgeh | D4: JORGEH@PEARLLEATHER.COM.MX | E4: U2 | F4: FLAT NATURE.ISL | G4: 52 | I4: 1
A5: 44 | B5: GUILLERMOM | C5: nicole | D5: GUILLERMOM@PEARLLEATHER.COM.MX | E5: U1 | F5: FLAT NATURE.ISL | G5: 22 | I5: 1
A6: 45 | B6: PEDROV | C6: Saver10* | D6: PEDROV@PEARLLEATHER.COM.MX | E6: U1 | F6: RED PLANET.ISL | G6: 999 | I6: 1
A7: 47 | B7: MIGUELC | C7: Dalica9905 | D7: MIGUELC@PEARLLEATHER.COM.MX | E7: Q1 | F7: FLAT NATURE.ISL | G7: 1299 | I7: 1
A8: 48 | B8: IVAND | C8: 5623 | D8: IVAND@PEARLLEATHER.COM.MX | E8: U | F8: IG STYLE.ISL | G8: 2091 | I8: 1
A9: 49 | B9: OSCART | C9: 7890 | D9: OSCART@PEARLLEATHER.COM.MX | E9: U | F9: NATILUS.ISL | G9: 10901 | I9: 1
A10: 51 | B10: RECIBO1 | C10: 12345 | D10: PEDROA@PEARLLEATHER.COM.MX | E10: U | F10: IG STYLE.ISL | G10: 0 | I10: 1
A11: 52 | B11: RECIBO2 | C11: 12340 | D11: PEDROA@PEARLLEATHER.COM.MX | E11: U | F11: THE BLUES.ISL | G11: 0 | I11: 1
A12: 54 | B12: GILBERTOV | C12: Alexander1 | D12: GILBERTOV@PEARLLEATHER.COM.MX | E12: U1 | F12: RED PLANET.ISL | G12: 6898 | I12: 1
A13: 56 | B13: MANUELG | C13: Mangar83 | D13: MANUELG@PEARLLEATHER.COM.MX | E13: U2 | F13: FLAT NATURE.ISL | G13: 4475 | I13: 1
A14: 57 | B14: FABIOLAG | C14: fabiola | D14: FABIOLAG@PEARLLEATHER.COM.MX | E14: U | F14: FLAT NATURE.ISL | G14: 7658 | I14: 1
A15: 58 | B15: DIANAS | C15: 1604 | D15: @PEARLLEATHER.COM.MX | E15: U | F15: FLAT NATURE.ISL | G15: 10151 | I15: 1
A16: 59 | B16: ALEJANDROP | C16: alex | D16: EMBARQUES1@PEARLLEATHER.COM.MX | E16: U | F16: FLAT NATURE.ISL | G16: 6176 | I16: 1
A17: 60 | B17: ADRIANAD | C17: adriana | D17: ADRIANAD@PEARLLEATHER.COM.MX | E17: U | F17: FLAT NATURE.ISL | G17: 67 | I17: 1
A18: 62 | B18: PATRICIAC | C18: mebi1625 | D18: PATRICIAC@PEARLLEATHER.COM.MX | E18: U | F18: FLAT NATURE.ISL | G18: 7945 | I18: 1
A19: 63 | B19: LUISP | C19: luis | D19: LUISP@PEARLLEATHER.COM.MX | E19: U1 | F19: IG STYLE.ISL | G19: 0 | H19: luis perez | I19: 1
A20: 64 | B20: LEONORH | C20: 12340 | D20: LEONORH@PEARLLEATHER.COM.MX | E20: P1 | F20: RED PLANET.ISL | G20: 7549 | I20: 1
A21: 66 | B21: KARENE | C21: 200816 | D21: RECIBO@PEARLLEATHER.COM.MX | E21: U | F21: RED PLANET.ISL | G21: 10382 | I21: 1
A22: 67 | B22: GASPARH | C22: 12345 | D22: GASPARH@PEARLLEATHER.COM.MX | E22: P1 | F22: THE BLUES.ISL | G22: 5628 | I22: 1
A23: 68 | B23: ARMIDAH | C23: 2878 | D23: ARMIDAH@PEARLLEATHER.COM.MX | E23: P1 | F23: FLAT NATURE.ISL | G23: 7041 | I23: 1
A24: 69 | B24: MARIAS | C24: 12345 | D24: MARIAS@PEARLLEATHER.COM.MX | E24: U | F24: FLAT NATURE.ISL | G24: 4158 | I24: 1
A25: 70 | B25: FERNANDOG | C25: ferny | D25: FERNANDOG@PEARLLEATHER.COM.MX | E25: U1 | F25: RED PLANET.ISL | G25: 8464 | I25: 1
A26: 71 | B26: NAVIDR | C26: kgi01! | D26: NAVID@RACHMANTECH.COM | E26: U | F26: FLAT NATURE.ISL | G26: 0 | I26: 1
A27: 72 | B27: ROXANAL | C27: 123789 | D27: @PEARLLEATHER.COM.MX | E27: U1 | F27: THE BLUES.ISL | G27: 11879 | I27: 1
A28: 73 | B28: YAMILEXQ | C28: 1234 | D28: YAMILEXQ@PEARLLEATHER.COM.MX | E28: P1 | F28: FLAT NATURE.ISL | G28: 0 | I28: 1
A29: 75 | B29: KARENA | C29: 102 | D29: KARENA@PEARLLEATHER.COM.MX | E29: U | F29: NOIR MODERNE.ISL | G29: 12769 | I29: 1
A30: 77 | B30: GENAROH | C30: 12345 | D30: EMBARQUES1@PEARLLEATHER.COM.MX | E30: U | F30: FLAT NATURE.ISL | G30: 4880 | I30: 1
A31: 82 | B31: DANAC | C31: 2697 | D31: CERTI@PEARLLEATHER.COM.MX | E31: U | F31: FLAT NATURE.ISL | G31: 10054 | I31: 1
A32: 83 | B32: MARIANAC | C32: 1986 | D32: CERTI@PEARLLEATHER.COM.MX | E32: U | F32: RED PLANET.ISL | G32: 0 | H32: mariana castro | I32: 1
A33: 86 | B33: JORGEO | C33: calidad.30 | D33: JOLEGARIO@PEARLLEATHER.COM.MX | E33: U | F33: FLAT NATURE.ISL | G33: 3589 | I33: 1
A34: 87 | B34: DIANAN | C34: Facturas1 | D34: RECIBO@PEARLLEATHER.COM.MX | E34: U1 | F34: RED PLANET.ISL | G34: 10221 | I34: 1
A35: 88 | B35: SISTEMAS | C35: m@ster++ | D35: SISTEMAS@PEARLLEATHER.COM.MX | E35: A1 | F35: RED PLANET.ISL | G35: 0 | I35: 1
A36: 89 | B36: VIVIANAC | C36: 123450 | D36: VIVIANC@PEARLLEATHER.COM.MX | E36: Q1 | F36: FLAT NATURE.ISL | G36: 8242 | I36: 1
A37: 90 | B37: TANIAC | C37: 1726 | D37: RECIBO@PEARLLEATHER.COM.MX | E37: U | F37: BLACK STYLE.ISL | G37: 10209 | I37: 1
A38: 92 | B38: JOSES | C38: jose48320031 | D38: JOSES@PEARLLEATHER.COM.MX | E38: U | F38: IG STYLE.ISL | G38: 13253 | I38: 1
A39: 93 | B39: MARIAR | C39: 12345 | D39: MARIAR@PEARLLEATHER.COM.MX | E39: P1 | F39: NATILUS.ISL | G39: 0 | H39: maria romo | I39: 1
A40: 94 | B40: FRANCISCOM | C40: cuarris987 | D40: @PEARLLEATHER.COM.MX | E40: U | F40: IG STYLE.ISL | G40: 13189 | I40: 1
A41: 96 | B41: SANTOSR | C41: 12345 | D41: SANTOSR@PEARLLEATHER.COM.MX | E41: U | F41: IG STYLE.ISL | G41: 13005 | I41: 1
A42: 97 | B42: ELENAR | C42: 1234 | D42: ELENAR@PEARLLEATHER.COM.MX | E42: I1 | F42: IG STYLE.ISL | G42: 0 | H42: elena rodriguez | I42: 1
A43: 98 | B43: MONICAG | C43: 7410 | D43: RECIBO@PEARLLEATHER.COM.MX | E43: U | F43: RED PLANET.ISL | G43: 10569 | I43: 1
A44: 101 | B44: LEYVERR | C44: 193105 | D44: @PEARLLEATHER.COM.MX | E44: Q1 | F44: RED PLANET.ISL | G44: 0 | H44: leyver roblero | I44: 1
A45: 102 | B45: EDGARA | C45: 12345 | D45: @PEARLLEATHER.COM.MX | E45: Q1 | F45: FLAT NATURE.ISL | G45: 10222 | I45: 1
A46: 103 | B46: SUPERVISOR | C46: super10 | D46: XX@PEARLLEATHER.COM.MX | E46: U | F46: FLAT NATURE.ISL | G46: 0 | I46: 1
A47: 108 | B47: VICTORC | C47: Password1 | D47: VICTORC@PEARLLEATHER.COM.MX | E47: I1 | F47: FLAT NATURE.ISL | G47: 5913 | I47: 1
A48: 109 | B48: ASIFUENTES | C48: 1234 | D48: ALBERTOS@PEARLLEATHER.COM.MX | E48: I1 | F48: RED PLANET.ISL | G48: 11258 | I48: 1
A49: 110 | B49: FRAYJ | C49: 1234 | D49: FRAYJ@PEARLLEATHER.COM.MX | E49: I1 | F49: THE BLUES.ISL | G49: 0 | H49: fray jimenez | I49: 1
A50: 111 | B50: ADRIANAI | C50: 12345 | D50: ADRIANAI@PEARLLEATHER.COM.MX | E50: U | F50: NATILUS.ISL | G50: 11476 | I50: 1
A51: 112 | B51: ALMAZ | C51: 123 | D51: @PEARLLEATHER.COM.MX | E51: U | F51: MISTIC BROWN.ISL | G51: 0 | H51: alma zuniga | I51: 1
A52: 113 | B52: ERNESTOG | C52: *eder0607 | D52: ERNESTOG@PEARLLEATHER.COM.MX | E52: U2 | F52: BLACK.ISL | G52: 0 | H52: ernesto gaytan | I52: 1
A53: 114 | B53: JOSUEC | C53: Password1 | D53: JOSUEC@PEARLLEATHER.COM.MX | E53: U1 | F53: NOIR MODERNE.ISL | G53: 0 | H53: josue chavez | I53: 1
A54: 115 | B54: SONIAO | C54: 12340 | D54: SONIAO@PEARLLEATHER.COM.MX | E54: U | F54: FLAT NATURE.ISL | G54: 515 | I54: 1
A55: 116 | B55: PERLAH | C55: Password1 | D55: @PEARLLEATHER.COM.MX | E55: U | F55: IG STYLE.ISL | G55: 11834 | I55: 1
A56: 120 | B56: ALFREDOA | C56: saiddamian | D56: @PEARLLEATHER.COM.MX | E56: U | F56: NOIR MODERNE.ISL | G56: 11716 | I56: 1
A57: 121 | B57: LUZM | C57: 12340 | D57: LUZM@PEARLLEATHER.COM.MX | E57: U | F57: FLAT NATURE.ISL | G57: 7283 | I57: 1
A58: 122 | B58: JESUSR | C58: 12340 | D58: JESUSR@PEARLLEATHER.COM.MX | E58: U | F58: RED PLANET.ISL | G58: 0 | H58: jesus rojero | I58: 1
A59: 123 | B59: JORGEN | C59: 1234 | D59: ADRIANN@PEARLLEATHER.COM.MX | E59: U | F59: RED PLANET.ISL | G59: 11524 | I59: 1
A60: 125 | B60: IRISE | C60: 12345 | D60: IRISE@PEARLLEATHER.COM.MX | E60: U | F60: FLAT NATURE.ISL | G60: 8524 | I60: 1
A61: 126 | B61: ANAHIG | C61: 12345 | D61: @PEARLLEATHER.COM.MX | E61: U | F61: NATILUS.ISL | G61: 0 | I61: 1
A62: 129 | B62: MARIOS | C62: 12345 | D62: MARIOS@PEARLLEATHER.COM.MX | E62: U | F62: RED PLANET.ISL | G62: 12483 | I62: 1
A63: 131 | B63: JESUST | C63: Password1 | D63: @PEARLLEATHER.COM.MX | E63: U | F63: FLAT NATURE.ISL | G63: 3719 | I63: 1
A64: 132 | B64: TERESAJ | C64: 123456 | D64: @PEARLLEATHER.COM.MX | E64: U | F64: FLAT NATURE.ISL | G64: 12662 | I64: 1
A65: 134 | B65: DANELIJ | C65: Password1 | D65: @PEARLLEATHER.COM.MX | E65: U | F65: FLAT NATURE.ISL | G65: 12722 | I65: 1
A66: 135 | B66: ANAH | C66: Password1 | D66: @PEARLLEATHER.COM.MX | E66: U | F66: BLACK.ISL | G66: 11943 | I66: 1
A67: 136 | B67: CRISTALV | C67: 1394 | D67: @PEARLLEATHER.COM.MX | E67: U | F67: NOIR MODERNE.ISL | G67: 12844 | I67: 1
A68: 137 | B68: JORGEG | C68: 1234 | D68: JORGEG@PEARLLEATHER.COM.MX | E68: U | F68: FLAT NATURE.ISL | G68: 6897 | I68: 1
A69: 138 | B69: RODOLFOC | C69: 247328 | D69: @PEARLLEATHER.COM.MX | E69: U1 | F69: FLAT NATURE.ISL | G69: 9762 | I69: 1
A70: 139 | B70: ALEJANDROD | C70: 11111111 | D70: ALEJANDROD@PEARLLEATHER.COM.MX | E70: U | F70: BLACK.ISL | G70: 13164 | I70: 1
A71: 140 | B71: JORGEJ | C71: Password1 | D71: JORGEJ@PEARLLEATHER.COM.MX | E71: U | F71: RED PLANET.ISL | G71: 8537 | I71: 1
A72: 141 | B72: GEOVANNIL | C72: Password1 | D72: @PEARLLEATHER.COM.MX | E72: U | F72: FLAT NATURE.ISL | G72: 12602 | I72: 1
A73: 142 | B73: ALBAJ | C73: Password1 | D73: ALBAJ@PEARLLEATHER.COM.MX | E73: U | F73: FLAT NATURE.ISL | G73: 13270 | I73: 1
A74: 143 | B74: EDUARDOP | C74: 80916 | D74: @PEARLLEATHER.COM.MX | E74: U | F74: NOIR MODERNE.ISL | G74: 13204 | I74: 1
A75: 144 | B75: FRANCISCOE | C75: Password1 | D75: FRANCISCOE@PEARLLEATHER.COM.MX | E75: U | F75: FLAT NATURE.ISL | G75: 13367 | I75: 1
A76: 145 | B76: DULCEC | C76: Password1 | D76: DULCEC@PEARLLEATHER.COM.MX | E76: P1 | F76: FLAT NATURE.ISL | G76: 12834 | I76: 1
A77: 146 | B77: JACKIEG | C77: Password1 | D77: JACKIE@PEARLLEATHER.COM.MX | E77: U | F77: FLAT NATURE.ISL | G77: 13107 | I77: 1

Sheet Sheet1
A1: K_USUARIO_PEARL | B1: D_USUARIO_PEARL | C1: PASSWORD_USUARIO_PEARL | D1: CORREO_USUARIO_PEARL | E1: USUARIO_TIPO | F1: TEMA_USUARIO_PEARL | G1: K_EMPLEADO_PEARL | H1: C_USUARIO_PEARL | I1: L_USUARIO_PEARL
A2: 41 | B2: RAFAELF | C2: killer | D2: RAFAELF@PEARLLEATHER.COM.MX | E2: A1 | F2: RED PLANET.ISL | G2: 6142 | I2: 1
A3: 42 | B3: OMARD | C3: 12340 | D3: OMARD@PEARLLEATHER.COM.MX | E3: Q1 | F3: RED PLANET.ISL | G3: 181 | I3: 1
A4: 43 | B4: JORGEH | C4: jorgeh | D4: JORGEH@PEARLLEATHER.COM.MX | E4: U2 | F4: FLAT NATURE.ISL | G4: 52 | I4: 1
A5: 44 | B5: GUILLERMOM | C5: nicole | D5: GUILLERMOM@PEARLLEATHER.COM.MX | E5: U1 | F5: FLAT NATURE.ISL | G5: 22 | I5: 1
A6: 45 | B6: PEDROV | C6: Saver10* | D6: PEDROV@PEARLLEATHER.COM.MX | E6: U1 | F6: RED PLANET.ISL | G6: 999 | I6: 1
A7: 47 | B7: MIGUELC | C7: Dalica9905 | D7: MIGUELC@PEARLLEATHER.COM.MX | E7: Q1 | F7: FLAT NATURE.ISL | G7: 1299 | I7: 1
A8: 48 | B8: IVAND | C8: 5623 | D8: IVAND@PEARLLEATHER.COM.MX | E8: U | F8: IG STYLE.ISL | G8: 2091 | I8: 1
A9: 49 | B9: OSCART | C9: 7890 | D9: OSCART@PEARLLEATHER.COM.MX | E9: U | F9: NATILUS.ISL | G9: 10901 | I9: 1
A10: 51 | B10: RECIBO1 | C10: 12345 | D10: PEDROA@PEARLLEATHER.COM.MX | E10: U | F10: IG STYLE.ISL | G10: 0 | I10: 1
A11: 52 | B11: RECIBO2 | C11: 12340 | D11: PEDROA@PEARLLEATHER.COM.MX | E11: U | F11: THE BLUES.ISL | G11: 0 | I11: 1
A12: 54 | B12: GILBERTOV | C12: Alexander1 | D12: GILBERTOV@PEARLLEATHER.COM.MX | E12: U1 | F12: RED PLANET.ISL | G12: 6898 | I12: 1
A13: 56 | B13: MANUELG | C13: Mangar83 | D13: MANUELG@PEARLLEATHER.COM.MX | E13: U2 | F13: FLAT NATURE.ISL | G13: 4475 | I13: 1
A14: 57 | B14: FABIOLAG | C14: fabiola | D14: FABIOLAG@PEARLLEATHER.COM.MX | E14: U | F14: FLAT NATURE.ISL | G14: 7658 | I14: 1
A15: 58 | B15: DIANAS | C15: 1604 | D15: @PEARLLEATHER.COM.MX | E15: U | F15: FLAT NATURE.ISL | G15: 10151 | I15: 1
A16: 59 | B16: ALEJANDROP | C16: alex | D16: EMBARQUES1@PEARLLEATHER.COM.MX | E16: U | F16: FLAT NATURE.ISL | G16: 6176 | I16: 1
A17: 60 | B17: ADRIANAD | C17: adriana | D17: ADRIANAD@PEARLLEATHER.COM.MX | E17: U | F17: FLAT NATURE.ISL | G17: 67 | I17: 1
A18: 62 | B18: PATRICIAC | C18: mebi1625 | D18: PATRICIAC@PEARLLEATHER.COM.MX | E18: U | F18: FLAT NATURE.ISL | G18: 7945 | I18: 1
A19: 63 | B19: LUISP | C19: luis | D19: LUISP@PEARLLEATHER.COM.MX | E19: U1 | F19: IG STYLE.ISL | G19: 0 | H19: luis perez | I19: 1
A20: 64 | B20: LEONORH | C20: 12340 | D20: LEONORH@PEARLLEATHER.COM.MX | E20: P1 | F20: RED PLANET.ISL | G20: 7549 | I20: 1
A21: 66 | B21: KARENE | C21: 200816 | D21: RECIBO@PEARLLEATHER.COM.MX | E21: U | F21: RED PLANET.ISL | G21: 10382 | I21: 1
A22: 67 | B22: GASPARH | C22: 12345 | D22: GASPARH@PEARLLEATHER.COM.MX | E22: P1 | F22: THE BLUES.ISL | G22: 5628 | I22: 1
A23: 68 | B23: ARMIDAH | C23: 2878 | D23: ARMIDAH@PEARLLEATHER.COM.MX | E23: P1 | F23: FLAT NATURE.ISL | G23: 7041 | I23: 1
A24: 69 | B24: MARIAS | C24: 12345 | D24: MARIAS@PEARLLEATHER.COM.MX | E24: U | F24: FLAT NATURE.ISL | G24: 4158 | I24: 1
A25: 70 | B25: FERNANDOG | C25: ferny | D25: FERNANDOG@PEARLLEATHER.COM.MX | E25: U1 | F25: RED PLANET.ISL | G25: 8464 | I25: 1
A26: 71 | B26: NAVIDR | C26: kgi01! | D26: NAVID@RACHMANTECH.COM | E26: U | F26: FLAT NATURE.ISL | G26: 0 | H26: navid rachman() | I26: 1
A27: 72 | B27: ROXANAL | C27: 123789 | D27: @PEARLLEATHER.COM.MX | E27: U1 | F27: THE BLUES.ISL | G27: 11879 | I27: 1
A28: 73 | B28: YAMILEXQ | C28: 1234 | D28: YAMILEXQ@PEARLLEATHER.COM.MX | E28: P1 | F28: FLAT NATURE.ISL | G28: 0 | H28: yamilex quezada | I28: 1
A29: 75 | B29: KARENA | C29: 102 | D29: KARENA@PEARLLEATHER.COM.MX | E29: U | F29: NOIR MODERNE.ISL | G29: 12769 | I29: 1
A30: 77 | B30: GENAROH | C30: 12345 | D30: EMBARQUES1@PEARLLEATHER.COM.MX | E30: U | F30: FLAT NATURE.ISL | G30: 4880 | I30: 1
A31: 82 | B31: DANAC | C31: 2697 | D31: CERTI@PEARLLEATHER.COM.MX | E31: U | F31: FLAT NATURE.ISL | G31: 10054 | I31: 1
A32: 83 | B32: MARIANAC | C32: 1986 | D32: CERTI@PEARLLEATHER.COM.MX | E32: U | F32: RED PLANET.ISL | G32: 0 | H32: mariana castro | I32: 1
A33: 86 | B33: JORGEO | C33: calidad.30 | D33: JOLEGARIO@PEARLLEATHER.COM.MX | E33: U | F33: FLAT NATURE.ISL | G33: 3589 | I33: 1
A34: 87 | B34: DIANAN | C34: Facturas1 | D34: RECIBO@PEARLLEATHER.COM.MX | E34: U1 | F34: RED PLANET.ISL | G34: 10221 | I34: 1
A35: 88 | B35: SISTEMAS | C35: m@ster++ | D35: SISTEMAS@PEARLLEATHER.COM.MX | E35: A1 | F35: RED PLANET.ISL | G35: 0 | I35: 1
A36: 89 | B36: VIVIANAC | C36: 123450 | D36: VIVIANC@PEARLLEATHER.COM.MX | E36: Q1 | F36: FLAT NATURE.ISL | G36: 8242 | I36: 1
A37: 90 | B37: TANIAC | C37: 1726 | D37: RECIBO@PEARLLEATHER.COM.MX | E37: U | F37: BLACK STYLE.ISL | G37: 10209 | I37: 1
A38: 92 | B38: JOSES | C38: jose48320031 | D38: JOSES@PEARLLEATHER.COM.MX | E38: U | F38: IG STYLE.ISL | G38: 13253 | I38: 1
A39: 93 | B39: MARIAR | C39: 12345 | D39: MARIAR@PEARLLEATHER.COM.MX | E39: P1 | F39: NATILUS.ISL | G39: 0 | H39: maria romo | I39: 1
A40: 94 | B40: FRANCISCOM | C40: cuarris987 | D40: @PEARLLEATHER.COM.MX | E40: U | F40: IG STYLE.ISL | G40: 13189 | I40: 1
A41: 96 | B41: SANTOSR | C41: 12345 | D41: SANTOSR@PEARLLEATHER.COM.MX | E41: U | F41: IG STYLE.ISL | G41: 13005 | I41: 1
A42: 97 | B42: ELENAR | C42: 1234 | D42: ELENAR@PEARLLEATHER.COM.MX | E42: I1 | F42: IG STYLE.ISL | G42: 0 | H42: elena rodriguez | I42: 1
A43: 98 | B43: MONICAG | C43: 7410 | D43: RECIBO@PEARLLEATHER.COM.MX | E43: U | F43: RED PLANET.ISL | G43: 10569 | I43: 1
A44: 101 | B44: LEYVERR | C44: 193105 | D44: @PEARLLEATHER.COM.MX | E44: Q1 | F44: RED PLANET.ISL | G44: 0 | H44: leyver roblero | I44: 1
A45: 102 | B45: EDGARA | C45: 12345 | D45: @PEARLLEATHER.COM.MX | E45: Q1 | F45: FLAT NATURE.ISL | G45: 10222 | I45: 1
A46: 103 | B46: SUPERVISOR | C46: super10 | D46: XX@PEARLLEATHER.COM.MX | E46: U | F46: FLAT NATURE.ISL | G46: 0 | I46: 1
A47: 108 | B47: VICTORC | C47: Password1 | D47: VICTORC@PEARLLEATHER.COM.MX | E47: I1 | F47: FLAT NATURE.ISL | G47: 5913 | I47: 1
A48: 109 | B48: ASIFUENTES | C48: 1234 | D48: ALBERTOS@PEARLLEATHER.COM.MX | E48: I1 | F48: RED PLANET.ISL | G48: 11258 | I48: 1
A49: 110 | B49: FRAYJ | C49: 1234 | D49: FRAYJ@PEARLLEATHER.COM.MX | E49: I1 | F49: THE BLUES.ISL | G49: 0 | H49: fray jimenez | I49: 1
A50: 111 | B50: ADRIANAI | C50: 12345 | D50: ADRIANAI@PEARLLEATHER.COM.MX | E50: U | F50: NATILUS.ISL | G50: 11476 | I50: 1
A51: 112 | B51: ALMAZ | C51: 123 | D51: @PEARLLEATHER.COM.MX | E51: U | F51: MISTIC BROWN.ISL | G51: 0 | H51: alma zuniga | I51: 1
A52: 113 | B52: ERNESTOG | C52: *eder0607 | D52: ERNESTOG@PEARLLEATHER.COM.MX | E52: U2 | F52: BLACK.ISL | G52: 0 | H52: ernesto gaytan | I52: 1
A53: 114 | B53: JOSUEC | C53: Password1 | D53: JOSUEC@PEARLLEATHER.COM.MX | E53: U1 | F53: NOIR MODERNE.ISL | G53: 0 | H53: josue chavez | I53: 1
A54: 115 | B54: SONIAO | C54: 12340 | D54: SONIAO@PEARLLEATHER.COM.MX | E54: U | F54: FLAT NATURE.ISL | G54: 515 | I54: 1
A55: 116 | B55: PERLAH | C55: Password1 | D55: @PEARLLEATHER.COM.MX | E55: U | F55: IG STYLE.ISL | G55: 11834 | I55: 1
A56: 120 | B56: ALFREDOA | C56: saiddamian | D56: @PEARLLEATHER.COM.MX | E56: U | F56: NOIR MODERNE.ISL | G56: 11716 | I56: 1
A57: 121 | B57: LUZM | C57: 12340 | D57: LUZM@PEARLLEATHER.COM.MX | E57: U | F57: FLAT NATURE.ISL | G57: 7283 | I57: 1
A58: 122 | B58: JESUSR | C58: 12340 | D58: JESUSR@PEARLLEATHER.COM.MX | E58: U | F58: RED PLANET.ISL | G58: 0 | H58: jesus rojero | I58: 1
A59: 123 | B59: JORGEN | C59: 1234 | D59: ADRIANN@PEARLLEATHER.COM.MX | E59: U | F59: RED PLANET.ISL | G59: 11524 | I59: 1
A60: 125 | B60: IRISE | C60: 12345 | D60: IRISE@PEARLLEATHER.COM.MX | E60: U | F60: FLAT NATURE.ISL | G60: 8524 | I60: 1
A61: 126 | B61: ANAHIG | C61: 12345 | D61: @PEARLLEATHER.COM.MX | E61: U | F61: NATILUS.ISL | G61: 0 | H61: anahi gallegos | I61: 1
A62: 129 | B62: MARIOS | C62: 12345 | D62: MARIOS@PEARLLEATHER.COM.MX | E62: U | F62: RED PLANET.ISL | G62: 12483 | I62: 1
A63: 131 | B63: JESUST | C63: Password1 | D63: @PEARLLEATHER.COM.MX | E63: U | F63: FLAT NATURE.ISL | G63: 3719 | I63: 1
A64: 132 | B64: TERESAJ | C64: 123456 | D64: @PEARLLEATHER.COM.MX | E64: U | F64: FLAT NATURE.ISL | G64: 12662 | I64: 1
A65: 134 | B65: DANELIJ | C65: Password1 | D65: @PEARLLEATHER.COM.MX | E65: U | F65: FLAT NATURE.ISL | G65: 12722 | I65: 1
A66: 135 | B66: ANAH | C66: Password1 | D66: @PEARLLEATHER.COM.MX | E66: U | F66: BLACK.ISL | G66: 11943 | I66: 1
A67: 136 | B67: CRISTALV | C67: 1394 | D67: @PEARLLEATHER.COM.MX | E67: U | F67: NOIR MODERNE.ISL | G67: 12844 | I67: 1
A68: 137 | B68: JORGEG | C68: 1234 | D68: JORGEG@PEARLLEATHER.COM.MX | E68: U | F68: FLAT NATURE.ISL | G68: 6897 | I68: 1
A69: 138 | B69: RODOLFOC | C69: 247328 | D69: @PEARLLEATHER.COM.MX | E69: U1 | F69: FLAT NATURE.ISL | G69: 9762 | I69: 1
A70: 139 | B70: ALEJANDROD | C70: 11111111 | D70: ALEJANDROD@PEARLLEATHER.COM.MX | E70: U | F70: BLACK.ISL | G70: 13164 | I70: 1
A71: 140 | B71: JORGEJ | C71: Password1 | D71: JORGEJ@PEARLLEATHER.COM.MX | E71: U | F71: RED PLANET.ISL | G71: 8537 | I71: 1
A72: 141 | B72: GEOVANNIL | C72: Password1 | D72: @PEARLLEATHER.COM.MX | E72: U | F72: FLAT NATURE.ISL | G72: 12602 | I72: 1
A73: 142 | B73: ALBAJ | C73: Password1 | D73: ALBAJ@PEARLLEATHER.COM.MX | E73: U | F73: FLAT NATURE.ISL | G73: 13270 | I73: 1
A74: 143 | B74: EDUARDOP | C74: 80916 | D74: @PEARLLEATHER.COM.MX | E74: U | F74: NOIR MODERNE.ISL | G74: 13204 | I74: 1
A75: 144 | B75: FRANCISCOE | C75: Password1 | D75: FRANCISCOE@PEARLLEATHER.COM.MX | E75: U | F75: FLAT NATURE.ISL | G75: 13367 | I75: 1
A76: 145 | B76: DULCEC | C76: Password1 | D76: DULCEC@PEARLLEATHER.COM.MX | E76: P1 | F76: FLAT NATURE.ISL | G76: 12834 | I76: 1
A77: 146 | B77: JACKIEG | C77: Password1 | D77: JACKIE@PEARLLEATHER.COM.MX | E77: U | F77: FLAT NATURE.ISL | G77: 13107 | I77: 1
F1048557: [K_USUARIO_PEARL]
F1048558: [D_USUARIO_PEARL]
F1048559: [PASSWORD_USUARIO_PEARL]
F1048560: [CORREO_USUARIO_PEARL]
F1048561: [K_USUARIO_DEPTO]
F1048562: [USUARIO_TIPO]
F1048563: [TEMA_USUARIO_PEARL] | I1048563: [K_USUARIO_PEARL] | J1048563: [D_USUARIO_PEARL] | K1048563: [PASSWORD_USUARIO_PEARL] | L1048563: [CORREO_USUARIO_PEARL] | M1048563: [K_USUARIO_DEPTO] | N1048563: [USUARIO_TIPO] | O1048563: [TEMA_USUARIO_PEARL] | P1048563: [K_EMPLEADO_PEARL] | Q1048563: [C_USUARIO_PEARL] | R1048563: [L_USUARIO_PEARL]
F1048564: [K_EMPLEADO_PEARL]
F1048565: [C_USUARIO_PEARL]
F1048566: [L_USUARIO_PEARL]

Sheet usuario_para_baja
A1: K_USUARIO_PEARL | B1: D_USUARIO_PEARL | C1: CORREO_USUARIO_PEARL | D1: K_EMPLEADO_PEARL | E1: C_USUARIO_PEARL
A2: 51 | B2: RECIBO1 | C2: PEDROA@PEARLLEATHER.COM.MX
A3: 52 | B3: RECIBO2 | C3: PEDROA@PEARLLEATHER.COM.MX
A4: 63 | B4: LUISP | C4: LUISP@PEARLLEATHER.COM.MX | D4: 0 | E4: LUIS PEREZ
A5: 71 | B5: NAVIDR | C5: NAVID@RACHMANTECH.COM | E5: NAVID RACHMAN()
A6: 73 | B6: YAMILEXQ | C6: YAMILEXQ@PEARLLEATHER.COM.MX | D6: 0 | E6: YAMILEX QUEZADA
A7: 83 | B7: MARIANAC | C7: CERTI@PEARLLEATHER.COM.MX | D7: 0 | E7: MARIANA CASTRO
A8: 88 | B8: SISTEMAS | C8: SISTEMAS@PEARLLEATHER.COM.MX
A9: 93 | B9: MARIAR | C9: MARIAR@PEARLLEATHER.COM.MX | D9: 0 | E9: MARIA ROMO
A10: 97 | B10: ELENAR | C10: ELENAR@PEARLLEATHER.COM.MX | D10: 0 | E10: ELENA RODRIGUEZ
A11: 101 | B11: LEYVERR | C11: @PEARLLEATHER.COM.MX | D11: 0 | E11: LEYVER ROBLERO
A12: 103 | B12: SUPERVISOR | C12: XX@PEARLLEATHER.COM.MX
A13: 110 | B13: FRAYJ | C13: FRAYJ@PEARLLEATHER.COM.MX | D13: 0 | E13: FRAY JIMENEZ
A14: 112 | B14: ALMAZ | C14: @PEARLLEATHER.COM.MX | D14: 0 | E14: ALMA ZUNIGA
A15: 113 | B15: ERNESTOG | C15: ERNESTOG@PEARLLEATHER.COM.MX | D15: 0 | E15: ERNESTO GAYTAN
A16: 114 | B16: JOSUEC | C16: JOSUEC@PEARLLEATHER.COM.MX | D16: 0 | E16: JOSUE CHAVEZ
A17: 122 | B17: JESUSR | C17: JESUSR@PEARLLEATHER.COM.MX | D17: 0 | E17: JESUS ROJERO
A18: 126 | B18: ANAHIG | C18: @PEARLLEATHER.COM.MX | D18: 0 | E18: ANAHI GALLEGOS
