Workbook

Sheet TABLE
A1: =(CONCATENATE("SUB_CI_",(MID(B4,4,LEN(B4)-4)))) -> SUB_CI_COUNTRY
A3: PK | B3: Nombre Campo | C3: Tipo Dato
A4: X | B4: [K_COUNTRY] | C4: [INT]
B5: [D_COUNTRY] | C5: [VARCHAR] (100)
B6: [S_COUNTRY] | C6: [VARCHAR] (10)
B7: [O_COUNTRY] | C7: [INT]
B8: [C_COUNTRY] | C8: [VARCHAR] (255)
B9: [L_COUNTRY] | C9: [INT]
B10: [K_CONTINENTE] | C10: [INT]
B17: [K_COUNTRY] | C17: [D_COUNTRY] | D17: [S_COUNTRY] | E17: [O_COUNTRY] | F17: [C_COUNTRY] | G17: [L_COUNTRY] | H17: [K_CONTINENTE]

Sheet CI_
A1: ??? | B1: L_DEBUG | C1: K_SISTEMA_EXE | D1: K_USUARIO_ACCION | E1: [K_COUNTRY] | F1: [D_COUNTRY] | G1: [S_COUNTRY] | H1: [O_COUNTRY] | I1: [C_COUNTRY] | J1: [L_COUNTRY] | K1: [K_CONTINENTE] | M1: EXECUTE [dbo].[ | N1: =TABLE!A1 -> SUB_CI_COUNTRY | O1: ] | P1: =CONCATENATE($M$1,$N$1,$O$1,B3, ", ", C3, ", ", D3, ", ", ) -> EXECUTE [dbo].[SUB_CI_COUNTRY] 0, 0, 0,
B2: - | C2: - | D2: - | E2: - | F2: - | G2: - | H2: - | I2: - | J2: - | K2: - | M2: ="-- ==========================================================" -> -- ==========================================================
B3: 0 | C3: 0 | D3: 0 | E3: 0 | F3: (NO-COUNTRY) | G3: ( N/CT ) | H3: 1 | I3: =CONCATENATE("#",E3," // ",F3) -> #0 // (NO-COUNTRY) | J3: 1 | K3: 0 | M3: =CONCATENATE(CI_!$P$1,E3,", '",F3,"', '",G3,"' , ",H3," , '",I3,"' , ",J3,",",K3) -> EXECUTE [dbo].[SUB_CI_COUNTRY] 0, 0, 0, 0, '(NO-COUNTRY)', '( N/CT )' , 1 , '#0 // (NO-COUNTRY)' , 1,0
B4: 0 | C4: 0 | D4: 0 | E4: 101 | F4: República de Angola | G4: ANGOL | H4: 1 | I4: =CONCATENATE("#",E4," // ",F4) -> #101 // República de Angola | J4: 1 | K4: 100 | M4: =CONCATENATE(CI_!$P$1,E4,", '",F4,"', '",G4,"' , ",H4," , '",I4,"' , ",J4,",",K4) -> EXECUTE [dbo].[SUB_CI_COUNTRY] 0, 0, 0, 101, 'República de Angola', 'ANGOL' , 1 , '#101 // República de Angola' , 1,100
B5: 0 | C5: 0 | D5: 0 | E5: 102 | F5: República Democrática y Popular de Argelia | G5: ARGEL | H5: 1 | I5: =CONCATENATE("#",E5," // ",F5) -> #102 // República Democrática y Popular de Argelia | J5: 1 | K5: 100 | M5: =CONCATENATE(CI_!$P$1,E5,", '",F5,"', '",G5,"' , ",H5," , '",I5,"' , ",J5,",",K5) -> EXECUTE [dbo].[SUB_CI_COUNTRY] 0, 0, 0, 102, 'República Democrática y Popular de Argelia', 'ARGEL' , 1 , '#102 // República Democrática y Popular de Argelia' , 1,100
B6: 0 | C6: 0 | D6: 0 | E6: 104 | F6: República de Benín | G6: BENÍN | H6: 1 | I6: =CONCATENATE("#",E6," // ",F6) -> #104 // República de Benín | J6: 1 | K6: 100 | M6: =CONCATENATE(CI_!$P$1,E6,", '",F6,"', '",G6,"' , ",H6," , '",I6,"' , ",J6,",",K6) -> EXECUTE [dbo].[SUB_CI_COUNTRY] 0, 0, 0, 104, 'República de Benín', 'BENÍN' , 1 , '#104 // República de Benín' , 1,100
B7: 0 | C7: 0 | D7: 0 | E7: 105 | F7: República de Botswana | G7: BOTSW | H7: 1 | I7: =CONCATENATE("#",E7," // ",F7) -> #105 // República de Botswana | J7: 1 | K7: 100 | M7: =CONCATENATE(CI_!$P$1,E7,", '",F7,"', '",G7,"' , ",H7," , '",I7,"' , ",J7,",",K7) -> EXECUTE [dbo].[SUB_CI_COUNTRY] 0, 0, 0, 105, 'República de Botswana', 'BOTSW' , 1 , '#105 // República de Botswana' , 1,100
B8: 0 | C8: 0 | D8: 0 | E8: 106 | F8: Burkina Faso | G8: BURKI | H8: 1 | I8: =CONCATENATE("#",E8," // ",F8) -> #106 // Burkina Faso | J8: 1 | K8: 100 | M8: =CONCATENATE(CI_!$P$1,E8,", '",F8,"', '",G8,"' , ",H8," , '",I8,"' , ",J8,",",K8) -> EXECUTE [dbo].[SUB_CI_COUNTRY] 0, 0, 0, 106, 'Burkina Faso', 'BURKI' , 1 , '#106 // Burkina Faso' , 1,100
B9: 0 | C9: 0 | D9: 0 | E9: 107 | F9: República de Burundi | G9: BURUN | H9: 1 | I9: =CONCATENATE("#",E9," // ",F9) -> #107 // República de Burundi | J9: 1 | K9: 100 | M9: =CONCATENATE(CI_!$P$1,E9,", '",F9,"', '",G9,"' , ",H9," , '",I9,"' , ",J9,",",K9) -> EXECUTE [dbo].[SUB_CI_COUNTRY] 0, 0, 0, 107, 'República de Burundi', 'BURUN' , 1 , '#107 // República de Burundi' , 1,100
B10: 0 | C10: 0 | D10: 0 | E10: 108 | F10: República de Cabo Verde | G10: CABO | H10: 1 | I10: =CONCATENATE("#",E10," // ",F10) -> #108 // República de Cabo Verde | J10: 1 | K10: 100 | M10: =CONCATENATE(CI_!$P$1,E10,", '",F10,"', '",G10,"' , ",H10," , '",I10,"' , ",J10,",",K10) -> EXECUTE [dbo].[SUB_CI_COUNTRY] 0, 0, 0, 108, 'República de Cabo Verde', 'CABO' , 1 , '#108 // República de Cabo Verde' , 1,100
B11: 0 | C11: 0 | D11: 0 | E11: 109 | F11: República de Camerún | G11: CAMER | H11: 1 | I11: =CONCATENATE("#",E11," // ",F11) -> #109 // República de Camerún | J11: 1 | K11: 100 | M11: =CONCATENATE(CI_!$P$1,E11,", '",F11,"', '",G11,"' , ",H11," , '",I11,"' , ",J11,",",K11) -> EXECUTE [dbo].[SUB_CI_COUNTRY] 0, 0, 0, 109, 'República de Camerún', 'CAMER' , 1 , '#109 // República de Camerún' , 1,100
B12: 0 | C12: 0 | D12: 0 | E12: 112 | F12: República de Ruanda | G12: RUAND | H12: 1 | I12: =CONCATENATE("#",E12," // ",F12) -> #112 // República de Ruanda | J12: 1 | K12: 100 | M12: =CONCATENATE(CI_!$P$1,E12,", '",F12,"', '",G12,"' , ",H12," , '",I12,"' , ",J12,",",K12) -> EXECUTE [dbo].[SUB_CI_COUNTRY] 0, 0, 0, 112, 'República de Ruanda', 'RUAND' , 1 , '#112 // República de Ruanda' , 1,100
B13: 0 | C13: 0 | D13: 0 | E13: 113 | F13: República Popular del Congo | G13: PCONGO | H13: 1 | I13: =CONCATENATE("#",E13," // ",F13) -> #113 // República Popular del Congo | J13: 1 | K13: 100 | M13: =CONCATENATE(CI_!$P$1,E13,", '",F13,"', '",G13,"' , ",H13," , '",I13,"' , ",J13,",",K13) -> EXECUTE [dbo].[SUB_CI_COUNTRY] 0, 0, 0, 113, 'República Popular del Congo', 'PCONGO' , 1 , '#113 // República Popular del Congo' , 1,100
B14: 0 | C14: 0 | D14: 0 | E14: 114 | F14: República de Costa de Marfi l | G14: CMARF | H14: 1 | I14: =CONCATENATE("#",E14," // ",F14) -> #114 // República de Costa de Marfi l | J14: 1 | K14: 100 | M14: =CONCATENATE(CI_!$P$1,E14,", '",F14,"', '",G14,"' , ",H14," , '",I14,"' , ",J14,",",K14) -> EXECUTE [dbo].[SUB_CI_COUNTRY] 0, 0, 0, 114, 'República de Costa de Marfi l', 'CMARF' , 1 , '#114 // República de Costa de Marfi l' , 1,100
... B231: 0 | C231: 0 | D231: 0 | E231: 535 | F231: República de Las Islas Fiji | G231: IFIJI | H231: 1 | I231: =CONCATENATE("#",E231," // ",F231) -> #535 // República de Las Islas Fiji | J231: 1 | K231: 500 | M231: =CONCATENATE(CI_!$P$1,E231,", '",F231,"', '",G231,"' , ",H231," , '",I231,"' , ",J231,",",K231) -> EXECUTE [dbo].[SUB_CI_COUNTRY] 0, 0, 0, 535, 'República de Las Islas Fiji', 'IFIJI' , 1 , '#535 // República de Las Islas Fiji' , 1,500
