Workbook

Sheet TABLE
A1: =(CONCATENATE("PG_CI_",(MID(B4,4,LEN(B4)-4)))) -> PG_CI_STATE_GEO
A3: PK | B3: Nombre Campo | C3: Tipo Dato
A4: X | B4: [K_STATE_GEO] | C4: [INT]
B5: [D_STATE_GEO] | C5: [VARCHAR] (100)
B6: [S_STATE_GEO] | C6: [VARCHAR] (10)
B7: [O_STATE_GEO] | C7: [INT]
B8: [C_STATE_GEO] | C8: [VARCHAR] (255)
B9: [L_STATE_GEO] | C9: [INT]
B10: [K_COUNTRY] | C10: [INT]
B18: [K_STATE_GEO] | C18: [D_STATE_GEO] | D18: [S_STATE_GEO] | E18: [O_STATE_GEO] | F18: [C_STATE_GEO] | G18: [L_STATE_GEO] | H18: [K_COUNTRY]

Sheet CI_MEX
A1: ??? | B1: L_DEBUG | C1: K_SISTEMA_EXE | D1: K_USUARIO_ACCION | E1: [K_STATE_GEO] | F1: [D_STATE_GEO] | G1: [S_STATE_GEO] | H1: [O_STATE_GEO] | I1: [C_STATE_GEO] | J1: [L_STATE_GEO] | K1: [K_COUNTRY] | M1: EXECUTE [dbo].[ | N1: =TABLE!A1 -> PG_CI_STATE_GEO | O1: ] | P1: =CONCATENATE($M$1,$N$1,$O$1,B3, ", ", C3, ", ", D3, ", ", ) -> EXECUTE [dbo].[PG_CI_STATE_GEO] 0, 10, 139,
B2: - | C2: - | D2: - | E2: - | F2: - | G2: - | H2: - | I2: - | J2: - | K2: - | M2: ="-- ==========================================================" -> -- ==========================================================
B3: 0 | C3: 10 | D3: 139 | E3: 0 | F3: (NO-STATE-GEO) | G3: ( N/ST ) | H3: 1 | I3: =CONCATENATE("#",E3," // ",F3) -> #0 // (NO-STATE-GEO) | J3: 1 | K3: 0 | M3: =CONCATENATE(CI_MEX!$P$1,E3,", '",F3,"', '",G3,"' , ",H3," , '",I3,"' , ",J3,",",K3) -> EXECUTE [dbo].[PG_CI_STATE_GEO] 0, 10, 139, 0, '(NO-STATE-GEO)', '( N/ST )' , 1 , '#0 // (NO-STATE-GEO)' , 1,0
B4: 0 | C4: 10 | D4: 139 | E4: 1 | F4: Aguascalientes | G4: Aguas | H4: 1 | I4: =CONCATENATE("#",E4," // ",F4) -> #1 // Aguascalientes | J4: 1 | K4: 260 | M4: =CONCATENATE(CI_MEX!$P$1,E4,", '",F4,"', '",G4,"' , ",H4," , '",I4,"' , ",J4,",",K4) -> EXECUTE [dbo].[PG_CI_STATE_GEO] 0, 10, 139, 1, 'Aguascalientes', 'Aguas' , 1 , '#1 // Aguascalientes' , 1,260
B5: 0 | C5: 10 | D5: 139 | E5: 2 | F5: Baja California | G5: BCali | H5: 1 | I5: =CONCATENATE("#",E5," // ",F5) -> #2 // Baja California | J5: 1 | K5: 260 | M5: =CONCATENATE(CI_MEX!$P$1,E5,", '",F5,"', '",G5,"' , ",H5," , '",I5,"' , ",J5,",",K5) -> EXECUTE [dbo].[PG_CI_STATE_GEO] 0, 10, 139, 2, 'Baja California', 'BCali' , 1 , '#2 // Baja California' , 1,260
B6: 0 | C6: 10 | D6: 139 | E6: 3 | F6: Baja California Sur | G6: BCSur | H6: 1 | I6: =CONCATENATE("#",E6," // ",F6) -> #3 // Baja California Sur | J6: 1 | K6: 260 | M6: =CONCATENATE(CI_MEX!$P$1,E6,", '",F6,"', '",G6,"' , ",H6," , '",I6,"' , ",J6,",",K6) -> EXECUTE [dbo].[PG_CI_STATE_GEO] 0, 10, 139, 3, 'Baja California Sur', 'BCSur' , 1 , '#3 // Baja California Sur' , 1,260
B7: 0 | C7: 10 | D7: 139 | E7: 4 | F7: Campeche | G7: Campe | H7: 1 | I7: =CONCATENATE("#",E7," // ",F7) -> #4 // Campeche | J7: 1 | K7: 260 | M7: =CONCATENATE(CI_MEX!$P$1,E7,", '",F7,"', '",G7,"' , ",H7," , '",I7,"' , ",J7,",",K7) -> EXECUTE [dbo].[PG_CI_STATE_GEO] 0, 10, 139, 4, 'Campeche', 'Campe' , 1 , '#4 // Campeche' , 1,260
B8: 0 | C8: 10 | D8: 139 | E8: 5 | F8: Coahuila de Zaragoza | G8: Coahu | H8: 1 | I8: =CONCATENATE("#",E8," // ",F8) -> #5 // Coahuila de Zaragoza | J8: 1 | K8: 260 | M8: =CONCATENATE(CI_MEX!$P$1,E8,", '",F8,"', '",G8,"' , ",H8," , '",I8,"' , ",J8,",",K8) -> EXECUTE [dbo].[PG_CI_STATE_GEO] 0, 10, 139, 5, 'Coahuila de Zaragoza', 'Coahu' , 1 , '#5 // Coahuila de Zaragoza' , 1,260
B9: 0 | C9: 10 | D9: 139 | E9: 6 | F9: Colima | G9: Colim | H9: 1 | I9: =CONCATENATE("#",E9," // ",F9) -> #6 // Colima | J9: 1 | K9: 260 | M9: =CONCATENATE(CI_MEX!$P$1,E9,", '",F9,"', '",G9,"' , ",H9," , '",I9,"' , ",J9,",",K9) -> EXECUTE [dbo].[PG_CI_STATE_GEO] 0, 10, 139, 6, 'Colima', 'Colim' , 1 , '#6 // Colima' , 1,260
B10: 0 | C10: 10 | D10: 139 | E10: 7 | F10: Chiapas | G10: Chiap | H10: 1 | I10: =CONCATENATE("#",E10," // ",F10) -> #7 // Chiapas | J10: 1 | K10: 260 | M10: =CONCATENATE(CI_MEX!$P$1,E10,", '",F10,"', '",G10,"' , ",H10," , '",I10,"' , ",J10,",",K10) -> EXECUTE [dbo].[PG_CI_STATE_GEO] 0, 10, 139, 7, 'Chiapas', 'Chiap' , 1 , '#7 // Chiapas' , 1,260
B11: 0 | C11: 10 | D11: 139 | E11: 8 | F11: Chihuahua | G11: Chihu | H11: 1 | I11: =CONCATENATE("#",E11," // ",F11) -> #8 // Chihuahua | J11: 1 | K11: 260 | M11: =CONCATENATE(CI_MEX!$P$1,E11,", '",F11,"', '",G11,"' , ",H11," , '",I11,"' , ",J11,",",K11) -> EXECUTE [dbo].[PG_CI_STATE_GEO] 0, 10, 139, 8, 'Chihuahua', 'Chihu' , 1 , '#8 // Chihuahua' , 1,260
B12: 0 | C12: 10 | D12: 139 | E12: 9 | F12: Distrito Federal | G12: Distr | H12: 1 | I12: =CONCATENATE("#",E12," // ",F12) -> #9 // Distrito Federal | J12: 1 | K12: 260 | M12: =CONCATENATE(CI_MEX!$P$1,E12,", '",F12,"', '",G12,"' , ",H12," , '",I12,"' , ",J12,",",K12) -> EXECUTE [dbo].[PG_CI_STATE_GEO] 0, 10, 139, 9, 'Distrito Federal', 'Distr' , 1 , '#9 // Distrito Federal' , 1,260
B13: 0 | C13: 10 | D13: 139 | E13: 10 | F13: Durango | G13: Duran | H13: 1 | I13: =CONCATENATE("#",E13," // ",F13) -> #10 // Durango | J13: 1 | K13: 260 | M13: =CONCATENATE(CI_MEX!$P$1,E13,", '",F13,"', '",G13,"' , ",H13," , '",I13,"' , ",J13,",",K13) -> EXECUTE [dbo].[PG_CI_STATE_GEO] 0, 10, 139, 10, 'Durango', 'Duran' , 1 , '#10 // Durango' , 1,260
B14: 0 | C14: 10 | D14: 139 | E14: 11 | F14: Guanajuato | G14: Guana | H14: 1 | I14: =CONCATENATE("#",E14," // ",F14) -> #11 // Guanajuato | J14: 1 | K14: 260 | M14: =CONCATENATE(CI_MEX!$P$1,E14,", '",F14,"', '",G14,"' , ",H14," , '",I14,"' , ",J14,",",K14) -> EXECUTE [dbo].[PG_CI_STATE_GEO] 0, 10, 139, 11, 'Guanajuato', 'Guana' , 1 , '#11 // Guanajuato' , 1,260
... B35: 0 | C35: 10 | D35: 139 | E35: 32 | F35: Zacatecas | G35: Zacat | H35: 1 | I35: =CONCATENATE("#",E35," // ",F35) -> #32 // Zacatecas | J35: 1 | K35: 260 | M35: =CONCATENATE(CI_MEX!$P$1,E35,", '",F35,"', '",G35,"' , ",H35," , '",I35,"' , ",J35,",",K35) -> EXECUTE [dbo].[PG_CI_STATE_GEO] 0, 10, 139, 32, 'Zacatecas', 'Zacat' , 1 , '#32 // Zacatecas' , 1,260

Sheet CI_USA
A1: ??? | B1: L_DEBUG | C1: K_SISTEMA_EXE | D1: K_USUARIO_ACCION | E1: [K_STATE_GEO] | F1: [D_STATE_GEO] | G1: [S_STATE_GEO] | H1: [O_STATE_GEO] | I1: [C_STATE_GEO] | J1: [L_STATE_GEO] | K1: [K_COUNTRY] | M1: EXECUTE [dbo].[ | N1: =TABLE!A1 -> PG_CI_STATE_GEO | O1: ] | P1: =CONCATENATE($M$1,$N$1,$O$1,B3, ", ", C3, ", ", D3, ", ", ) -> EXECUTE [dbo].[PG_CI_STATE_GEO] 0, 10, 139,
B2: - | C2: - | D2: - | E2: - | F2: - | G2: - | H2: - | I2: - | J2: - | K2: - | M2: ="-- ==========================================================" -> -- ==========================================================
A3: 1 | B3: 0 | C3: 10 | D3: 139 | E3: 33 | F3: Alabama | G3: AL | H3: 1 | I3: =CONCATENATE("#",E3," // ",F3) -> #33 // Alabama | J3: 0 | K3: 221 | M3: =CONCATENATE(CI_USA!$P$1,E3,", '",F3,"', '",G3,"' , ",H3," , '",I3,"' , ",J3,",",K3) -> EXECUTE [dbo].[PG_CI_STATE_GEO] 0, 10, 139, 33, 'Alabama ', 'AL' , 1 , '#33 // Alabama ' , 0,221
A4: =+A3+1 -> 2 | B4: 0 | C4: 10 | D4: 139 | E4: =+E3+1 -> 34 | F4: Alaska | G4: AK | H4: 1 | I4: =CONCATENATE("#",E4," // ",F4) -> #34 // Alaska | J4: 0 | K4: 221 | M4: =CONCATENATE(CI_USA!$P$1,E4,", '",F4,"', '",G4,"' , ",H4," , '",I4,"' , ",J4,",",K4) -> EXECUTE [dbo].[PG_CI_STATE_GEO] 0, 10, 139, 34, 'Alaska ', 'AK' , 1 , '#34 // Alaska ' , 0,221
A5: =+A4+1 -> 3 | B5: 0 | C5: 10 | D5: 139 | E5: =+E4+1 -> 35 | F5: Arizona | G5: AZ | H5: 1 | I5: =CONCATENATE("#",E5," // ",F5) -> #35 // Arizona | J5: 1 | K5: 221 | M5: =CONCATENATE(CI_USA!$P$1,E5,", '",F5,"', '",G5,"' , ",H5," , '",I5,"' , ",J5,",",K5) -> EXECUTE [dbo].[PG_CI_STATE_GEO] 0, 10, 139, 35, 'Arizona ', 'AZ' , 1 , '#35 // Arizona ' , 1,221
A6: =+A5+1 -> 4 | B6: 0 | C6: 10 | D6: 139 | E6: =+E5+1 -> 36 | F6: Arkansas | G6: AR | H6: 1 | I6: =CONCATENATE("#",E6," // ",F6) -> #36 // Arkansas | J6: 0 | K6: 221 | M6: =CONCATENATE(CI_USA!$P$1,E6,", '",F6,"', '",G6,"' , ",H6," , '",I6,"' , ",J6,",",K6) -> EXECUTE [dbo].[PG_CI_STATE_GEO] 0, 10, 139, 36, 'Arkansas ', 'AR' , 1 , '#36 // Arkansas ' , 0,221
A7: =+A6+1 -> 5 | B7: 0 | C7: 10 | D7: 139 | E7: =+E6+1 -> 37 | F7: California | G7: CA | H7: 1 | I7: =CONCATENATE("#",E7," // ",F7) -> #37 // California | J7: 1 | K7: 221 | M7: =CONCATENATE(CI_USA!$P$1,E7,", '",F7,"', '",G7,"' , ",H7," , '",I7,"' , ",J7,",",K7) -> EXECUTE [dbo].[PG_CI_STATE_GEO] 0, 10, 139, 37, 'California ', 'CA' , 1 , '#37 // California ' , 1,221
A8: =+A7+1 -> 6 | B8: 0 | C8: 10 | D8: 139 | E8: =+E7+1 -> 38 | F8: Colorado | G8: CO | H8: 1 | I8: =CONCATENATE("#",E8," // ",F8) -> #38 // Colorado | J8: 0 | K8: 221 | M8: =CONCATENATE(CI_USA!$P$1,E8,", '",F8,"', '",G8,"' , ",H8," , '",I8,"' , ",J8,",",K8) -> EXECUTE [dbo].[PG_CI_STATE_GEO] 0, 10, 139, 38, 'Colorado', 'CO' , 1 , '#38 // Colorado' , 0,221
A9: =+A8+1 -> 7 | B9: 0 | C9: 10 | D9: 139 | E9: =+E8+1 -> 39 | F9: Connecticut | G9: CT | H9: 1 | I9: =CONCATENATE("#",E9," // ",F9) -> #39 // Connecticut | J9: 0 | K9: 221 | M9: =CONCATENATE(CI_USA!$P$1,E9,", '",F9,"', '",G9,"' , ",H9," , '",I9,"' , ",J9,",",K9) -> EXECUTE [dbo].[PG_CI_STATE_GEO] 0, 10, 139, 39, 'Connecticut ', 'CT' , 1 , '#39 // Connecticut ' , 0,221
A10: =+A9+1 -> 8 | B10: 0 | C10: 10 | D10: 139 | E10: =+E9+1 -> 40 | F10: Delaware | G10: DE | H10: 1 | I10: =CONCATENATE("#",E10," // ",F10) -> #40 // Delaware | J10: 0 | K10: 221 | M10: =CONCATENATE(CI_USA!$P$1,E10,", '",F10,"', '",G10,"' , ",H10," , '",I10,"' , ",J10,",",K10) -> EXECUTE [dbo].[PG_CI_STATE_GEO] 0, 10, 139, 40, 'Delaware ', 'DE' , 1 , '#40 // Delaware ' , 0,221
A11: =+A10+1 -> 9 | B11: 0 | C11: 10 | D11: 139 | E11: =+E10+1 -> 41 | F11: Florida | G11: DL | H11: 1 | I11: =CONCATENATE("#",E11," // ",F11) -> #41 // Florida | J11: 1 | K11: 221 | M11: =CONCATENATE(CI_USA!$P$1,E11,", '",F11,"', '",G11,"' , ",H11," , '",I11,"' , ",J11,",",K11) -> EXECUTE [dbo].[PG_CI_STATE_GEO] 0, 10, 139, 41, 'Florida ', 'DL' , 1 , '#41 // Florida ' , 1,221
A12: =+A11+1 -> 10 | B12: 0 | C12: 10 | D12: 139 | E12: =+E11+1 -> 42 | F12: Georgia | G12: GA | H12: 1 | I12: =CONCATENATE("#",E12," // ",F12) -> #42 // Georgia | J12: 0 | K12: 221 | M12: =CONCATENATE(CI_USA!$P$1,E12,", '",F12,"', '",G12,"' , ",H12," , '",I12,"' , ",J12,",",K12) -> EXECUTE [dbo].[PG_CI_STATE_GEO] 0, 10, 139, 42, 'Georgia ', 'GA' , 1 , '#42 // Georgia ' , 0,221
A13: =+A12+1 -> 11 | B13: 0 | C13: 10 | D13: 139 | E13: =+E12+1 -> 43 | F13: Hawaii | G13: HI | H13: 1 | I13: =CONCATENATE("#",E13," // ",F13) -> #43 // Hawaii | J13: 0 | K13: 221 | M13: =CONCATENATE(CI_USA!$P$1,E13,", '",F13,"', '",G13,"' , ",H13," , '",I13,"' , ",J13,",",K13) -> EXECUTE [dbo].[PG_CI_STATE_GEO] 0, 10, 139, 43, 'Hawaii ', 'HI' , 1 , '#43 // Hawaii ' , 0,221
A14: =+A13+1 -> 12 | B14: 0 | C14: 10 | D14: 139 | E14: =+E13+1 -> 44 | F14: Idaho | G14: ID | H14: 1 | I14: =CONCATENATE("#",E14," // ",F14) -> #44 // Idaho | J14: 0 | K14: 221 | M14: =CONCATENATE(CI_USA!$P$1,E14,", '",F14,"', '",G14,"' , ",H14," , '",I14,"' , ",J14,",",K14) -> EXECUTE [dbo].[PG_CI_STATE_GEO] 0, 10, 139, 44, 'Idaho ', 'ID' , 1 , '#44 // Idaho ' , 0,221
A15: =+A14+1 -> 13 | B15: 0 | C15: 10 | D15: 139 | E15: =+E14+1 -> 45 | F15: Illinois | G15: IL | H15: 1 | I15: =CONCATENATE("#",E15," // ",F15) -> #45 // Illinois | J15: 0 | K15: 221 | M15: =CONCATENATE(CI_USA!$P$1,E15,", '",F15,"', '",G15,"' , ",H15," , '",I15,"' , ",J15,",",K15) -> EXECUTE [dbo].[PG_CI_STATE_GEO] 0, 10, 139, 45, 'Illinois ', 'IL' , 1 , '#45 // Illinois ' , 0,221
... A52: =+A51+1 -> 50 | B52: 0 | C52: 10 | D52: 139 | E52: =+E51+1 -> 82 | F52: Wyoming | G52: WY | H52: 1 | I52: =CONCATENATE("#",E52," // ",F52) -> #82 // Wyoming | J52: 0 | K52: 221 | M52: =CONCATENATE(CI_USA!$P$1,E52,", '",F52,"', '",G52,"' , ",H52," , '",I52,"' , ",J52,",",K52) -> EXECUTE [dbo].[PG_CI_STATE_GEO] 0, 10, 139, 82, 'Wyoming', 'WY' , 1 , '#82 // Wyoming' , 0,221
E67: Alabama, Alaska, Arizona, Arkansas, California, Colorado, Connecticut, Delaware, Florida, Georgia, Hawaii, Idaho, Illinois, Indiana, Iowa, Kansas, Kentucky, Louisiana, Maine, Maryland, Massachusetts, Michigan, Minnesota, Mississippi, Missouri, Montana, Nebraska, Nevada, New Hampshire, New Jersey, New Mexico, New York, North Carolina, North Dakota, Ohio, Oklahoma, Oregon, Pennsylvania, Rhode Island, South Carolina, South Dako-

Sheet CI_CANADA
A1: ??? | B1: L_DEBUG | C1: K_SISTEMA_EXE | D1: K_USUARIO_ACCION | E1: [K_STATE_GEO] | F1: [D_STATE_GEO] | G1: [S_STATE_GEO] | H1: [O_STATE_GEO] | I1: [C_STATE_GEO] | J1: [L_STATE_GEO] | K1: [K_COUNTRY] | M1: EXECUTE [dbo].[ | N1: =TABLE!A1 -> PG_CI_STATE_GEO | O1: ] | P1: =CONCATENATE($M$1,$N$1,$O$1,B3, ", ", C3, ", ", D3, ", ", ) -> EXECUTE [dbo].[PG_CI_STATE_GEO] 0, 10, 139,
B2: - | C2: - | D2: - | E2: - | F2: - | G2: - | H2: - | I2: - | J2: - | K2: - | M2: ="-- ==========================================================" -> -- ==========================================================
A3: 1 | B3: 0 | C3: 10 | D3: 139 | E3: 83 | F3: Ontario | G3: ON | H3: 1 | I3: =CONCATENATE("#",E3," // ",F3) -> #83 // Ontario | J3: 1 | K3: 213 | M3: =CONCATENATE(CI_CANADA!$P$1,E3,", '",F3,"', '",G3,"' , ",H3," , '",I3,"' , ",J3,",",K3) -> EXECUTE [dbo].[PG_CI_STATE_GEO] 0, 10, 139, 83, 'Ontario', 'ON' , 1 , '#83 // Ontario' , 1,213
A4: =+A3+1 -> 2 | B4: 0 | C4: 10 | D4: 139 | E4: =+E3+1 -> 84 | F4: Quebec | G4: QC | H4: 1 | I4: =CONCATENATE("#",E4," // ",F4) -> #84 // Quebec | J4: 1 | K4: 213 | M4: =CONCATENATE(CI_CANADA!$P$1,E4,", '",F4,"', '",G4,"' , ",H4," , '",I4,"' , ",J4,",",K4) -> EXECUTE [dbo].[PG_CI_STATE_GEO] 0, 10, 139, 84, 'Quebec', 'QC' , 1 , '#84 // Quebec' , 1,213
A5: =+A4+1 -> 3 | B5: 0 | C5: 10 | D5: 139 | E5: =+E4+1 -> 85 | F5: Nueva Escocia | G5: NS | H5: 1 | I5: =CONCATENATE("#",E5," // ",F5) -> #85 // Nueva Escocia | J5: 0 | K5: 213 | M5: =CONCATENATE(CI_CANADA!$P$1,E5,", '",F5,"', '",G5,"' , ",H5," , '",I5,"' , ",J5,",",K5) -> EXECUTE [dbo].[PG_CI_STATE_GEO] 0, 10, 139, 85, 'Nueva Escocia', 'NS' , 1 , '#85 // Nueva Escocia' , 0,213
A6: =+A5+1 -> 4 | B6: 0 | C6: 10 | D6: 139 | E6: =+E5+1 -> 86 | F6: Nuevo Brunswick | G6: NB | H6: 1 | I6: =CONCATENATE("#",E6," // ",F6) -> #86 // Nuevo Brunswick | J6: 0 | K6: 213 | M6: =CONCATENATE(CI_CANADA!$P$1,E6,", '",F6,"', '",G6,"' , ",H6," , '",I6,"' , ",J6,",",K6) -> EXECUTE [dbo].[PG_CI_STATE_GEO] 0, 10, 139, 86, 'Nuevo Brunswick', 'NB' , 1 , '#86 // Nuevo Brunswick' , 0,213
A7: =+A6+1 -> 5 | B7: 0 | C7: 10 | D7: 139 | E7: =+E6+1 -> 87 | F7: Manitoba | G7: MB | H7: 1 | I7: =CONCATENATE("#",E7," // ",F7) -> #87 // Manitoba | J7: 0 | K7: 213 | M7: =CONCATENATE(CI_CANADA!$P$1,E7,", '",F7,"', '",G7,"' , ",H7," , '",I7,"' , ",J7,",",K7) -> EXECUTE [dbo].[PG_CI_STATE_GEO] 0, 10, 139, 87, 'Manitoba', 'MB' , 1 , '#87 // Manitoba' , 0,213
A8: =+A7+1 -> 6 | B8: 0 | C8: 10 | D8: 139 | E8: =+E7+1 -> 88 | F8: Territorios del Noroeste | G8: NT | H8: 1 | I8: =CONCATENATE("#",E8," // ",F8) -> #88 // Territorios del Noroeste | J8: 0 | K8: 213 | M8: =CONCATENATE(CI_CANADA!$P$1,E8,", '",F8,"', '",G8,"' , ",H8," , '",I8,"' , ",J8,",",K8) -> EXECUTE [dbo].[PG_CI_STATE_GEO] 0, 10, 139, 88, 'Territorios del Noroeste', 'NT' , 1 , '#88 // Territorios del Noroeste' , 0,213
A9: =+A8+1 -> 7 | B9: 0 | C9: 10 | D9: 139 | E9: =+E8+1 -> 89 | F9: Columbia Británica | G9: BC | H9: 1 | I9: =CONCATENATE("#",E9," // ",F9) -> #89 // Columbia Británica | J9: 0 | K9: 213 | M9: =CONCATENATE(CI_CANADA!$P$1,E9,", '",F9,"', '",G9,"' , ",H9," , '",I9,"' , ",J9,",",K9) -> EXECUTE [dbo].[PG_CI_STATE_GEO] 0, 10, 139, 89, 'Columbia Británica', 'BC' , 1 , '#89 // Columbia Británica' , 0,213
A10: =+A9+1 -> 8 | B10: 0 | C10: 10 | D10: 139 | E10: =+E9+1 -> 90 | F10: Isla del Príncipe Eduardo | G10: PE | H10: 1 | I10: =CONCATENATE("#",E10," // ",F10) -> #90 // Isla del Príncipe Eduardo | J10: 0 | K10: 213 | M10: =CONCATENATE(CI_CANADA!$P$1,E10,", '",F10,"', '",G10,"' , ",H10," , '",I10,"' , ",J10,",",K10) -> EXECUTE [dbo].[PG_CI_STATE_GEO] 0, 10, 139, 90, 'Isla del Príncipe Eduardo', 'PE' , 1 , '#90 // Isla del Príncipe Eduardo' , 0,213
A11: =+A10+1 -> 9 | B11: 0 | C11: 10 | D11: 139 | E11: =+E10+1 -> 91 | F11: Yukón | G11: YT | H11: 1 | I11: =CONCATENATE("#",E11," // ",F11) -> #91 // Yukón | J11: 0 | K11: 213 | M11: =CONCATENATE(CI_CANADA!$P$1,E11,", '",F11,"', '",G11,"' , ",H11," , '",I11,"' , ",J11,",",K11) -> EXECUTE [dbo].[PG_CI_STATE_GEO] 0, 10, 139, 91, 'Yukón', 'YT' , 1 , '#91 // Yukón' , 0,213
A12: =+A11+1 -> 10 | B12: 0 | C12: 10 | D12: 139 | E12: =+E11+1 -> 92 | F12: Saskatchewan | G12: SK | H12: 1 | I12: =CONCATENATE("#",E12," // ",F12) -> #92 // Saskatchewan | J12: 0 | K12: 213 | M12: =CONCATENATE(CI_CANADA!$P$1,E12,", '",F12,"', '",G12,"' , ",H12," , '",I12,"' , ",J12,",",K12) -> EXECUTE [dbo].[PG_CI_STATE_GEO] 0, 10, 139, 92, 'Saskatchewan', 'SK' , 1 , '#92 // Saskatchewan' , 0,213
A13: =+A12+1 -> 11 | B13: 0 | C13: 10 | D13: 139 | E13: =+E12+1 -> 93 | F13: Alberta | G13: AB | H13: 1 | I13: =CONCATENATE("#",E13," // ",F13) -> #93 // Alberta | J13: 1 | K13: 213 | M13: =CONCATENATE(CI_CANADA!$P$1,E13,", '",F13,"', '",G13,"' , ",H13," , '",I13,"' , ",J13,",",K13) -> EXECUTE [dbo].[PG_CI_STATE_GEO] 0, 10, 139, 93, 'Alberta', 'AB' , 1 , '#93 // Alberta' , 1,213
A14: =+A13+1 -> 12 | B14: 0 | C14: 10 | D14: 139 | E14: =+E13+1 -> 94 | F14: Terranova y Labrador | G14: NL | H14: 1 | I14: =CONCATENATE("#",E14," // ",F14) -> #94 // Terranova y Labrador | J14: 0 | K14: 213 | M14: =CONCATENATE(CI_CANADA!$P$1,E14,", '",F14,"', '",G14,"' , ",H14," , '",I14,"' , ",J14,",",K14) -> EXECUTE [dbo].[PG_CI_STATE_GEO] 0, 10, 139, 94, 'Terranova y Labrador', 'NL' , 1 , '#94 // Terranova y Labrador' , 0,213
A15: =+A14+1 -> 13 | B15: 0 | C15: 10 | D15: 139 | E15: =+E14+1 -> 95 | F15: Nunavut | G15: NU | H15: 1 | I15: =CONCATENATE("#",E15," // ",F15) -> #95 // Nunavut | J15: 0 | K15: 213 | M15: =CONCATENATE(CI_CANADA!$P$1,E15,", '",F15,"', '",G15,"' , ",H15," , '",I15,"' , ",J15,",",K15) -> EXECUTE [dbo].[PG_CI_STATE_GEO] 0, 10, 139, 95, 'Nunavut', 'NU' , 1 , '#95 // Nunavut' , 0,213
E30: Alabama, Alaska, Arizona, Arkansas, California, Colorado, Connecticut, Delaware, Florida, Georgia, Hawaii, Idaho, Illinois, Indiana, Iowa, Kansas, Kentucky, Louisiana, Maine, Maryland, Massachusetts, Michigan, Minnesota, Mississippi, Missouri, Montana, Nebraska, Nevada, New Hampshire, New Jersey, New Mexico, New York, North Carolina, North Dakota, Ohio, Oklahoma, Oregon, Pennsylvania, Rhode Island, South Carolina, South Dako-

Sheet CI_AUSTRALIA
A1: ??? | B1: L_DEBUG | C1: K_SISTEMA_EXE | D1: K_USUARIO_ACCION | E1: [K_STATE_GEO] | F1: [D_STATE_GEO] | G1: [S_STATE_GEO] | H1: [O_STATE_GEO] | I1: [C_STATE_GEO] | J1: [L_STATE_GEO] | K1: [K_COUNTRY] | M1: EXECUTE [dbo].[ | N1: =TABLE!A1 -> PG_CI_STATE_GEO | O1: ] | P1: =CONCATENATE($M$1,$N$1,$O$1,B3, ", ", C3, ", ", D3, ", ", ) -> EXECUTE [dbo].[PG_CI_STATE_GEO] 0, 10, 139,
B2: - | C2: - | D2: - | E2: - | F2: - | G2: - | H2: - | I2: - | J2: - | K2: - | M2: ="-- ==========================================================" -> -- ==========================================================
A3: 1 | B3: 0 | C3: 10 | D3: 139 | E3: 96 | F3: Australia Meridional | G3: AU-SA | H3: 1 | I3: =CONCATENATE("#",E3," // ",F3) -> #96 // Australia Meridional | J3: 0 | K3: 501 | M3: =CONCATENATE(CI_AUSTRALIA!$P$1,E3,", '",F3,"', '",G3,"' , ",H3," , '",I3,"' , ",J3,",",K3) -> EXECUTE [dbo].[PG_CI_STATE_GEO] 0, 10, 139, 96, 'Australia Meridional', 'AU-SA' , 1 , '#96 // Australia Meridional' , 0,501
A4: =+A3+1 -> 2 | B4: 0 | C4: 10 | D4: 139 | E4: =+E3+1 -> 97 | F4: Australia Occidental | G4: AU-WA | H4: 1 | I4: =CONCATENATE("#",E4," // ",F4) -> #97 // Australia Occidental | J4: 0 | K4: 501 | M4: =CONCATENATE(CI_AUSTRALIA!$P$1,E4,", '",F4,"', '",G4,"' , ",H4," , '",I4,"' , ",J4,",",K4) -> EXECUTE [dbo].[PG_CI_STATE_GEO] 0, 10, 139, 97, 'Australia Occidental', 'AU-WA' , 1 , '#97 // Australia Occidental' , 0,501
A5: =+A4+1 -> 3 | B5: 0 | C5: 10 | D5: 139 | E5: =+E4+1 -> 98 | F5: Isla de Navidad | G5: CX | H5: 1 | I5: =CONCATENATE("#",E5," // ",F5) -> #98 // Isla de Navidad | J5: 0 | K5: 501 | M5: =CONCATENATE(CI_AUSTRALIA!$P$1,E5,", '",F5,"', '",G5,"' , ",H5," , '",I5,"' , ",J5,",",K5) -> EXECUTE [dbo].[PG_CI_STATE_GEO] 0, 10, 139, 98, 'Isla de Navidad', 'CX' , 1 , '#98 // Isla de Navidad' , 0,501
A6: =+A5+1 -> 4 | B6: 0 | C6: 10 | D6: 139 | E6: =+E5+1 -> 99 | F6: Isla Norfolk | G6: NF | H6: 1 | I6: =CONCATENATE("#",E6," // ",F6) -> #99 // Isla Norfolk | J6: 0 | K6: 501 | M6: =CONCATENATE(CI_AUSTRALIA!$P$1,E6,", '",F6,"', '",G6,"' , ",H6," , '",I6,"' , ",J6,",",K6) -> EXECUTE [dbo].[PG_CI_STATE_GEO] 0, 10, 139, 99, 'Isla Norfolk', 'NF' , 1 , '#99 // Isla Norfolk' , 0,501
A7: =+A6+1 -> 5 | B7: 0 | C7: 10 | D7: 139 | E7: =+E6+1 -> 100 | F7: Islas Ashmore y Cartier | G7: ISASC | H7: 1 | I7: =CONCATENATE("#",E7," // ",F7) -> #100 // Islas Ashmore y Cartier | J7: 0 | K7: 501 | M7: =CONCATENATE(CI_AUSTRALIA!$P$1,E7,", '",F7,"', '",G7,"' , ",H7," , '",I7,"' , ",J7,",",K7) -> EXECUTE [dbo].[PG_CI_STATE_GEO] 0, 10, 139, 100, 'Islas Ashmore y Cartier', 'ISASC' , 1 , '#100 // Islas Ashmore y Cartier' , 0,501
A8: =+A7+1 -> 6 | B8: 0 | C8: 10 | D8: 139 | E8: =+E7+1 -> 101 | F8: Islas Cocos | G8: CC | H8: 1 | I8: =CONCATENATE("#",E8," // ",F8) -> #101 // Islas Cocos | J8: 0 | K8: 501 | M8: =CONCATENATE(CI_AUSTRALIA!$P$1,E8,", '",F8,"', '",G8,"' , ",H8," , '",I8,"' , ",J8,",",K8) -> EXECUTE [dbo].[PG_CI_STATE_GEO] 0, 10, 139, 101, 'Islas Cocos', 'CC' , 1 , '#101 // Islas Cocos' , 0,501
A9: =+A8+1 -> 7 | B9: 0 | C9: 10 | D9: 139 | E9: =+E8+1 -> 102 | F9: Islas del Mar del Coral | G9: ISMAC | H9: 1 | I9: =CONCATENATE("#",E9," // ",F9) -> #102 // Islas del Mar del Coral | J9: 0 | K9: 501 | M9: =CONCATENATE(CI_AUSTRALIA!$P$1,E9,", '",F9,"', '",G9,"' , ",H9," , '",I9,"' , ",J9,",",K9) -> EXECUTE [dbo].[PG_CI_STATE_GEO] 0, 10, 139, 102, 'Islas del Mar del Coral', 'ISMAC' , 1 , '#102 // Islas del Mar del Coral' , 0,501
A10: =+A9+1 -> 8 | B10: 0 | C10: 10 | D10: 139 | E10: =+E9+1 -> 103 | F10: Islas Heard y McDonald | G10: HM | H10: 1 | I10: =CONCATENATE("#",E10," // ",F10) -> #103 // Islas Heard y McDonald | J10: 0 | K10: 501 | M10: =CONCATENATE(CI_AUSTRALIA!$P$1,E10,", '",F10,"', '",G10,"' , ",H10," , '",I10,"' , ",J10,",",K10) -> EXECUTE [dbo].[PG_CI_STATE_GEO] 0, 10, 139, 103, 'Islas Heard y McDonald', 'HM' , 1 , '#103 // Islas Heard y McDonald' , 0,501
A11: =+A10+1 -> 9 | B11: 0 | C11: 10 | D11: 139 | E11: =+E10+1 -> 104 | F11: Nueva Gales del Sur | G11: AU-NSW | H11: 1 | I11: =CONCATENATE("#",E11," // ",F11) -> #104 // Nueva Gales del Sur | J11: 1 | K11: 501 | M11: =CONCATENATE(CI_AUSTRALIA!$P$1,E11,", '",F11,"', '",G11,"' , ",H11," , '",I11,"' , ",J11,",",K11) -> EXECUTE [dbo].[PG_CI_STATE_GEO] 0, 10, 139, 104, 'Nueva Gales del Sur', 'AU-NSW' , 1 , '#104 // Nueva Gales del Sur' , 1,501
A12: =+A11+1 -> 10 | B12: 0 | C12: 10 | D12: 139 | E12: =+E11+1 -> 105 | F12: Queensland | G12: AU-QLD | H12: 1 | I12: =CONCATENATE("#",E12," // ",F12) -> #105 // Queensland | J12: 1 | K12: 501 | M12: =CONCATENATE(CI_AUSTRALIA!$P$1,E12,", '",F12,"', '",G12,"' , ",H12," , '",I12,"' , ",J12,",",K12) -> EXECUTE [dbo].[PG_CI_STATE_GEO] 0, 10, 139, 105, 'Queensland', 'AU-QLD' , 1 , '#105 // Queensland' , 1,501
A13: =+A12+1 -> 11 | B13: 0 | C13: 10 | D13: 139 | E13: =+E12+1 -> 106 | F13: Tasmania | G13: AU-TAS | H13: 1 | I13: =CONCATENATE("#",E13," // ",F13) -> #106 // Tasmania | J13: 1 | K13: 501 | M13: =CONCATENATE(CI_AUSTRALIA!$P$1,E13,", '",F13,"', '",G13,"' , ",H13," , '",I13,"' , ",J13,",",K13) -> EXECUTE [dbo].[PG_CI_STATE_GEO] 0, 10, 139, 106, 'Tasmania', 'AU-TAS' , 1 , '#106 // Tasmania' , 1,501
A14: =+A13+1 -> 12 | B14: 0 | C14: 10 | D14: 139 | E14: =+E13+1 -> 107 | F14: Territorio Antártico Australiano | G14: AQ | H14: 1 | I14: =CONCATENATE("#",E14," // ",F14) -> #107 // Territorio Antártico Australiano | J14: 0 | K14: 501 | M14: =CONCATENATE(CI_AUSTRALIA!$P$1,E14,", '",F14,"', '",G14,"' , ",H14," , '",I14,"' , ",J14,",",K14) -> EXECUTE [dbo].[PG_CI_STATE_GEO] 0, 10, 139, 107, 'Territorio Antártico Australiano', 'AQ' , 1 , '#107 // Territorio Antártico Australiano' , 0,501
A15: =+A14+1 -> 13 | B15: 0 | C15: 10 | D15: 139 | E15: =+E14+1 -> 108 | F15: Territorio de la Bahía de Jervis | G15: JBT | H15: 1 | I15: =CONCATENATE("#",E15," // ",F15) -> #108 // Territorio de la Bahía de Jervis | J15: 0 | K15: 501 | M15: =CONCATENATE(CI_AUSTRALIA!$P$1,E15,", '",F15,"', '",G15,"' , ",H15," , '",I15,"' , ",J15,",",K15) -> EXECUTE [dbo].[PG_CI_STATE_GEO] 0, 10, 139, 108, 'Territorio de la Bahía de Jervis', 'JBT' , 1 , '#108 // Territorio de la Bahía de Jervis' , 0,501
... A18: =+A17+1 -> 16 | B18: 0 | C18: 10 | D18: 139 | E18: =+E17+1 -> 111 | F18: Victoria | G18: AU-VIC | H18: 1 | I18: =CONCATENATE("#",E18," // ",F18) -> #111 // Victoria | J18: 1 | K18: 501 | M18: =CONCATENATE(CI_AUSTRALIA!$P$1,E18,", '",F18,"', '",G18,"' , ",H18," , '",I18,"' , ",J18,",",K18) -> EXECUTE [dbo].[PG_CI_STATE_GEO] 0, 10, 139, 111, 'Victoria', 'AU-VIC' , 1 , '#111 // Victoria' , 1,501
E30: Alabama, Alaska, Arizona, Arkansas, California, Colorado, Connecticut, Delaware, Florida, Georgia, Hawaii, Idaho, Illinois, Indiana, Iowa, Kansas, Kentucky, Louisiana, Maine, Maryland, Massachusetts, Michigan, Minnesota, Mississippi, Missouri, Montana, Nebraska, Nevada, New Hampshire, New Jersey, New Mexico, New York, North Carolina, North Dakota, Ohio, Oklahoma, Oregon, Pennsylvania, Rhode Island, South Carolina, South Dako-

Sheet CI_TAILANDIA
A1: ??? | B1: L_DEBUG | C1: K_SISTEMA_EXE | D1: K_USUARIO_ACCION | E1: [K_STATE_GEO] | F1: [D_STATE_GEO] | G1: [S_STATE_GEO] | H1: [O_STATE_GEO] | I1: [C_STATE_GEO] | J1: [L_STATE_GEO] | K1: [K_COUNTRY] | M1: EXECUTE [dbo].[ | N1: =TABLE!A1 -> PG_CI_STATE_GEO | O1: ] | P1: =CONCATENATE($M$1,$N$1,$O$1,B3, ", ", C3, ", ", D3, ", ", ) -> EXECUTE [dbo].[PG_CI_STATE_GEO] 0, 10, 139,
B2: - | C2: - | D2: - | E2: - | F2: - | G2: - | H2: - | I2: - | J2: - | K2: - | M2: ="-- ==========================================================" -> -- ==========================================================
A3: 1 | B3: 0 | C3: 10 | D3: 139 | E3: 112 | F3: Amnat Charoen | G3: Amnat Charoen | H3: 1 | I3: =CONCATENATE("#",E3," // ",F3) -> #112 // Amnat Charoen | J3: 0 | K3: 349 | M3: =CONCATENATE(CI_TAILANDIA!$P$1,E3,", '",F3,"', '",G3,"' , ",H3," , '",I3,"' , ",J3,",",K3) -> EXECUTE [dbo].[PG_CI_STATE_GEO] 0, 10, 139, 112, 'Amnat Charoen', 'Amnat Charoen' , 1 , '#112 // Amnat Charoen' , 0,349
A4: =+A3+1 -> 2 | B4: 0 | C4: 10 | D4: 139 | E4: =+E3+1 -> 113 | F4: Ang Thong | G4: Ang Thong | H4: 1 | I4: =CONCATENATE("#",E4," // ",F4) -> #113 // Ang Thong | J4: 0 | K4: =K3 -> 349 | M4: =CONCATENATE(CI_TAILANDIA!$P$1,E4,", '",F4,"', '",G4,"' , ",H4," , '",I4,"' , ",J4,",",K4) -> EXECUTE [dbo].[PG_CI_STATE_GEO] 0, 10, 139, 113, 'Ang Thong', 'Ang Thong' , 1 , '#113 // Ang Thong' , 0,349
A5: =+A4+1 -> 3 | B5: 0 | C5: 10 | D5: 139 | E5: =+E4+1 -> 114 | F5: Bangkok | G5: Bangkok | H5: 1 | I5: =CONCATENATE("#",E5," // ",F5) -> #114 // Bangkok | J5: 0 | K5: =K4 -> 349 | M5: =CONCATENATE(CI_TAILANDIA!$P$1,E5,", '",F5,"', '",G5,"' , ",H5," , '",I5,"' , ",J5,",",K5) -> EXECUTE [dbo].[PG_CI_STATE_GEO] 0, 10, 139, 114, 'Bangkok', 'Bangkok' , 1 , '#114 // Bangkok' , 0,349
A6: =+A5+1 -> 4 | B6: 0 | C6: 10 | D6: 139 | E6: =+E5+1 -> 115 | F6: Bueng Kan | G6: Bueng Kan | H6: 1 | I6: =CONCATENATE("#",E6," // ",F6) -> #115 // Bueng Kan | J6: 0 | K6: =K5 -> 349 | M6: =CONCATENATE(CI_TAILANDIA!$P$1,E6,", '",F6,"', '",G6,"' , ",H6," , '",I6,"' , ",J6,",",K6) -> EXECUTE [dbo].[PG_CI_STATE_GEO] 0, 10, 139, 115, 'Bueng Kan', 'Bueng Kan' , 1 , '#115 // Bueng Kan' , 0,349
A7: =+A6+1 -> 5 | B7: 0 | C7: 10 | D7: 139 | E7: =+E6+1 -> 116 | F7: Buri Ram | G7: Buri Ram | H7: 1 | I7: =CONCATENATE("#",E7," // ",F7) -> #116 // Buri Ram | J7: 0 | K7: =K6 -> 349 | M7: =CONCATENATE(CI_TAILANDIA!$P$1,E7,", '",F7,"', '",G7,"' , ",H7," , '",I7,"' , ",J7,",",K7) -> EXECUTE [dbo].[PG_CI_STATE_GEO] 0, 10, 139, 116, 'Buri Ram', 'Buri Ram' , 1 , '#116 // Buri Ram' , 0,349
A8: =+A7+1 -> 6 | B8: 0 | C8: 10 | D8: 139 | E8: =+E7+1 -> 117 | F8: Chachoengsao | G8: Chachoengsao | H8: 1 | I8: =CONCATENATE("#",E8," // ",F8) -> #117 // Chachoengsao | J8: 0 | K8: =K7 -> 349 | M8: =CONCATENATE(CI_TAILANDIA!$P$1,E8,", '",F8,"', '",G8,"' , ",H8," , '",I8,"' , ",J8,",",K8) -> EXECUTE [dbo].[PG_CI_STATE_GEO] 0, 10, 139, 117, 'Chachoengsao', 'Chachoengsao' , 1 , '#117 // Chachoengsao' , 0,349
A9: =+A8+1 -> 7 | B9: 0 | C9: 10 | D9: 139 | E9: =+E8+1 -> 118 | F9: Chainat | G9: Chainat | H9: 1 | I9: =CONCATENATE("#",E9," // ",F9) -> #118 // Chainat | J9: 0 | K9: =K8 -> 349 | M9: =CONCATENATE(CI_TAILANDIA!$P$1,E9,", '",F9,"', '",G9,"' , ",H9," , '",I9,"' , ",J9,",",K9) -> EXECUTE [dbo].[PG_CI_STATE_GEO] 0, 10, 139, 118, 'Chainat', 'Chainat' , 1 , '#118 // Chainat' , 0,349
A10: =+A9+1 -> 8 | B10: 0 | C10: 10 | D10: 139 | E10: =+E9+1 -> 119 | F10: Chaiyaphum | G10: Chaiyaphum | H10: 1 | I10: =CONCATENATE("#",E10," // ",F10) -> #119 // Chaiyaphum | J10: 0 | K10: =K9 -> 349 | M10: =CONCATENATE(CI_TAILANDIA!$P$1,E10,", '",F10,"', '",G10,"' , ",H10," , '",I10,"' , ",J10,",",K10) -> EXECUTE [dbo].[PG_CI_STATE_GEO] 0, 10, 139, 119, 'Chaiyaphum', 'Chaiyaphum' , 1 , '#119 // Chaiyaphum' , 0,349
A11: =+A10+1 -> 9 | B11: 0 | C11: 10 | D11: 139 | E11: =+E10+1 -> 120 | F11: Chanthaburi | G11: Chanthaburi | H11: 1 | I11: =CONCATENATE("#",E11," // ",F11) -> #120 // Chanthaburi | J11: 0 | K11: =K10 -> 349 | M11: =CONCATENATE(CI_TAILANDIA!$P$1,E11,", '",F11,"', '",G11,"' , ",H11," , '",I11,"' , ",J11,",",K11) -> EXECUTE [dbo].[PG_CI_STATE_GEO] 0, 10, 139, 120, 'Chanthaburi', 'Chanthaburi' , 1 , '#120 // Chanthaburi' , 0,349
A12: =+A11+1 -> 10 | B12: 0 | C12: 10 | D12: 139 | E12: =+E11+1 -> 121 | F12: Chiang Mai | G12: Chiang Mai | H12: 1 | I12: =CONCATENATE("#",E12," // ",F12) -> #121 // Chiang Mai | J12: 0 | K12: =K11 -> 349 | M12: =CONCATENATE(CI_TAILANDIA!$P$1,E12,", '",F12,"', '",G12,"' , ",H12," , '",I12,"' , ",J12,",",K12) -> EXECUTE [dbo].[PG_CI_STATE_GEO] 0, 10, 139, 121, 'Chiang Mai', 'Chiang Mai' , 1 , '#121 // Chiang Mai' , 0,349
A13: =+A12+1 -> 11 | B13: 0 | C13: 10 | D13: 139 | E13: =+E12+1 -> 122 | F13: Chiang Rai | G13: Chiang Rai | H13: 1 | I13: =CONCATENATE("#",E13," // ",F13) -> #122 // Chiang Rai | J13: 0 | K13: =K12 -> 349 | M13: =CONCATENATE(CI_TAILANDIA!$P$1,E13,", '",F13,"', '",G13,"' , ",H13," , '",I13,"' , ",J13,",",K13) -> EXECUTE [dbo].[PG_CI_STATE_GEO] 0, 10, 139, 122, 'Chiang Rai', 'Chiang Rai' , 1 , '#122 // Chiang Rai' , 0,349
A14: =+A13+1 -> 12 | B14: 0 | C14: 10 | D14: 139 | E14: =+E13+1 -> 123 | F14: Chon Buri | G14: Chon Buri | H14: 1 | I14: =CONCATENATE("#",E14," // ",F14) -> #123 // Chon Buri | J14: 1 | K14: =K13 -> 349 | M14: =CONCATENATE(CI_TAILANDIA!$P$1,E14,", '",F14,"', '",G14,"' , ",H14," , '",I14,"' , ",J14,",",K14) -> EXECUTE [dbo].[PG_CI_STATE_GEO] 0, 10, 139, 123, 'Chon Buri', 'Chon Buri' , 1 , '#123 // Chon Buri' , 1,349
A15: =+A14+1 -> 13 | B15: 0 | C15: 10 | D15: 139 | E15: =+E14+1 -> 124 | F15: Chumphon | G15: Chumphon | H15: 1 | I15: =CONCATENATE("#",E15," // ",F15) -> #124 // Chumphon | J15: 0 | K15: =K14 -> 349 | M15: =CONCATENATE(CI_TAILANDIA!$P$1,E15,", '",F15,"', '",G15,"' , ",H15," , '",I15,"' , ",J15,",",K15) -> EXECUTE [dbo].[PG_CI_STATE_GEO] 0, 10, 139, 124, 'Chumphon', 'Chumphon' , 1 , '#124 // Chumphon' , 0,349
... A79: =+A78+1 -> 77 | B79: 0 | C79: 10 | D79: 139 | E79: =+E78+1 -> 188 | F79: Yasothon | G79: Yasothon | H79: 1 | I79: =CONCATENATE("#",E79," // ",F79) -> #188 // Yasothon | J79: 0 | K79: =K78 -> 349 | M79: =CONCATENATE(CI_TAILANDIA!$P$1,E79,", '",F79,"', '",G79,"' , ",H79," , '",I79,"' , ",J79,",",K79) -> EXECUTE [dbo].[PG_CI_STATE_GEO] 0, 10, 139, 188, 'Yasothon', 'Yasothon' , 1 , '#188 // Yasothon' , 0,349

Sheet Hoja1
B3: Amnat Charoen
B4: Ang Thong
B5: Bangkok
B6: Bueng Kan
B7: Buri Ram
B8: Chachoengsao
B9: Chainat
B10: Chaiyaphum
B11: Chanthaburi
B12: Chiang Mai
B13: Chiang Rai
B14: Chon Buri
... B79: Yasothon
